"Notes","State","State Code","UCD - ICD Chapter","UCD - ICD Chapter Code","Year","Year Code",Deaths,Population,Crude Rate
,"Alabama","01","Diseases of the genitourinary system","N00-N98","2018","2018",1026,4887871,21.0
,"Alabama","01","Diseases of the genitourinary system","N00-N98","2019","2019",1000,4903185,20.4
,"Alabama","01","Diseases of the genitourinary system","N00-N98","2020","2020",1072,4921532,21.8
,"Alabama","01","Diseases of the genitourinary system","N00-N98","2021","2021",1149,5039877,22.8
,"Alabama","01","Diseases of the genitourinary system","N00-N98","2022","2022",1312,5074296,25.9
,"Alabama","01","Diseases of the genitourinary system","N00-N98","2023 ","2023",1295,5108468,25.4
"Total","Alabama","01","Diseases of the genitourinary system","N00-N98",,,6854,29935229,22.9
"Total","Alabama","01",,,,,6854,29935229,22.9
,"Alaska","02","Diseases of the genitourinary system","N00-N98","2018","2018",45,737438,6.1
,"Alaska","02","Diseases of the genitourinary system","N00-N98","2019","2019",60,731545,8.2
,"Alaska","02","Diseases of the genitourinary system","N00-N98","2020","2020",65,731158,8.9
,"Alaska","02","Diseases of the genitourinary system","N00-N98","2021","2021",82,732673,11.2
,"Alaska","02","Diseases of the genitourinary system","N00-N98","2022","2022",94,733583,12.8
,"Alaska","02","Diseases of the genitourinary system","N00-N98","2023 ","2023",83,733406,11.3
"Total","Alaska","02","Diseases of the genitourinary system","N00-N98",,,429,4399803,9.8
"Total","Alaska","02",,,,,429,4399803,9.8
,"Arizona","04","Diseases of the genitourinary system","N00-N98","2018","2018",671,7171646,9.4
,"Arizona","04","Diseases of the genitourinary system","N00-N98","2019","2019",748,7278717,10.3
,"Arizona","04","Diseases of the genitourinary system","N00-N98","2020","2020",755,7421401,10.2
,"Arizona","04","Diseases of the genitourinary system","N00-N98","2021","2021",850,7276316,11.7
,"Arizona","04","Diseases of the genitourinary system","N00-N98","2022","2022",809,7359197,11.0
,"Arizona","04","Diseases of the genitourinary system","N00-N98","2023 ","2023",791,7431344,10.6
"Total","Arizona","04","Diseases of the genitourinary system","N00-N98",,,4624,43938621,10.5
"Total","Arizona","04",,,,,4624,43938621,10.5
,"Arkansas","05","Diseases of the genitourinary system","N00-N98","2018","2018",675,3013825,22.4
,"Arkansas","05","Diseases of the genitourinary system","N00-N98","2019","2019",625,3017804,20.7
,"Arkansas","05","Diseases of the genitourinary system","N00-N98","2020","2020",724,3030522,23.9
,"Arkansas","05","Diseases of the genitourinary system","N00-N98","2021","2021",782,3025891,25.8
,"Arkansas","05","Diseases of the genitourinary system","N00-N98","2022","2022",817,3045637,26.8
,"Arkansas","05","Diseases of the genitourinary system","N00-N98","2023 ","2023",754,3067732,24.6
"Total","Arkansas","05","Diseases of the genitourinary system","N00-N98",,,4377,18201411,24.0
"Total","Arkansas","05",,,,,4377,18201411,24.0
,"California","06","Diseases of the genitourinary system","N00-N98","2018","2018",3851,39557045,9.7
,"California","06","Diseases of the genitourinary system","N00-N98","2019","2019",3908,39512223,9.9
,"California","06","Diseases of the genitourinary system","N00-N98","2020","2020",4294,39368078,10.9
,"California","06","Diseases of the genitourinary system","N00-N98","2021","2021",4610,39237836,11.7
,"California","06","Diseases of the genitourinary system","N00-N98","2022","2022",4895,39029342,12.5
,"California","06","Diseases of the genitourinary system","N00-N98","2023 ","2023",4838,38965193,12.4
"Total","California","06","Diseases of the genitourinary system","N00-N98",,,26396,235669717,11.2
"Total","California","06",,,,,26396,235669717,11.2
,"Colorado","08","Diseases of the genitourinary system","N00-N98","2018","2018",455,5695564,8.0
,"Colorado","08","Diseases of the genitourinary system","N00-N98","2019","2019",491,5758736,8.5
,"Colorado","08","Diseases of the genitourinary system","N00-N98","2020","2020",464,5807719,8.0
,"Colorado","08","Diseases of the genitourinary system","N00-N98","2021","2021",524,5812069,9.0
,"Colorado","08","Diseases of the genitourinary system","N00-N98","2022","2022",536,5839926,9.2
,"Colorado","08","Diseases of the genitourinary system","N00-N98","2023 ","2023",524,5877610,8.9
"Total","Colorado","08","Diseases of the genitourinary system","N00-N98",,,2994,34791624,8.6
"Total","Colorado","08",,,,,2994,34791624,8.6
,"Connecticut","09","Diseases of the genitourinary system","N00-N98","2018","2018",599,3572665,16.8
,"Connecticut","09","Diseases of the genitourinary system","N00-N98","2019","2019",631,3565287,17.7
,"Connecticut","09","Diseases of the genitourinary system","N00-N98","2020","2020",546,3557006,15.3
,"Connecticut","09","Diseases of the genitourinary system","N00-N98","2021","2021",629,3605597,17.4
,"Connecticut","09","Diseases of the genitourinary system","N00-N98","2022","2022",754,3626205,20.8
,"Connecticut","09","Diseases of the genitourinary system","N00-N98","2023 ","2023",652,3617176,18.0
"Total","Connecticut","09","Diseases of the genitourinary system","N00-N98",,,3811,21543936,17.7
"Total","Connecticut","09",,,,,3811,21543936,17.7
,"Delaware","10","Diseases of the genitourinary system","N00-N98","2018","2018",204,967171,21.1
,"Delaware","10","Diseases of the genitourinary system","N00-N98","2019","2019",209,973764,21.5
,"Delaware","10","Diseases of the genitourinary system","N00-N98","2020","2020",170,986809,17.2
,"Delaware","10","Diseases of the genitourinary system","N00-N98","2021","2021",161,1003384,16.0
,"Delaware","10","Diseases of the genitourinary system","N00-N98","2022","2022",202,1018396,19.8
,"Delaware","10","Diseases of the genitourinary system","N00-N98","2023 ","2023",160,1031890,15.5
"Total","Delaware","10","Diseases of the genitourinary system","N00-N98",,,1106,5981414,18.5
"Total","Delaware","10",,,,,1106,5981414,18.5
,"District of Columbia","11","Diseases of the genitourinary system","N00-N98","2018","2018",48,702455,6.8
,"District of Columbia","11","Diseases of the genitourinary system","N00-N98","2019","2019",47,705749,6.7
,"District of Columbia","11","Diseases of the genitourinary system","N00-N98","2020","2020",46,712816,6.5
,"District of Columbia","11","Diseases of the genitourinary system","N00-N98","2021","2021",50,670050,7.5
,"District of Columbia","11","Diseases of the genitourinary system","N00-N98","2022","2022",48,671803,7.1
,"District of Columbia","11","Diseases of the genitourinary system","N00-N98","2023 ","2023",61,678972,9.0
"Total","District of Columbia","11","Diseases of the genitourinary system","N00-N98",,,300,4141845,7.2
"Total","District of Columbia","11",,,,,300,4141845,7.2
,"Florida","12","Diseases of the genitourinary system","N00-N98","2018","2018",3084,21299325,14.5
,"Florida","12","Diseases of the genitourinary system","N00-N98","2019","2019",3193,21477737,14.9
,"Florida","12","Diseases of the genitourinary system","N00-N98","2020","2020",3112,21733312,14.3
,"Florida","12","Diseases of the genitourinary system","N00-N98","2021","2021",3379,21781128,15.5
,"Florida","12","Diseases of the genitourinary system","N00-N98","2022","2022",3758,22244823,16.9
,"Florida","12","Diseases of the genitourinary system","N00-N98","2023 ","2023",3442,22610726,15.2
"Total","Florida","12","Diseases of the genitourinary system","N00-N98",,,19968,131147051,15.2
"Total","Florida","12",,,,,19968,131147051,15.2
,"Georgia","13","Diseases of the genitourinary system","N00-N98","2018","2018",1986,10519475,18.9
,"Georgia","13","Diseases of the genitourinary system","N00-N98","2019","2019",1998,10617423,18.8
,"Georgia","13","Diseases of the genitourinary system","N00-N98","2020","2020",2112,10710017,19.7
,"Georgia","13","Diseases of the genitourinary system","N00-N98","2021","2021",2235,10799566,20.7
,"Georgia","13","Diseases of the genitourinary system","N00-N98","2022","2022",2330,10912876,21.4
,"Georgia","13","Diseases of the genitourinary system","N00-N98","2023 ","2023",2155,11029227,19.5
"Total","Georgia","13","Diseases of the genitourinary system","N00-N98",,,12816,64588584,19.8
"Total","Georgia","13",,,,,12816,64588584,19.8
,"Hawaii","15","Diseases of the genitourinary system","N00-N98","2018","2018",182,1420491,12.8
,"Hawaii","15","Diseases of the genitourinary system","N00-N98","2019","2019",215,1415872,15.2
,"Hawaii","15","Diseases of the genitourinary system","N00-N98","2020","2020",210,1407006,14.9
,"Hawaii","15","Diseases of the genitourinary system","N00-N98","2021","2021",261,1441553,18.1
,"Hawaii","15","Diseases of the genitourinary system","N00-N98","2022","2022",293,1440196,20.3
,"Hawaii","15","Diseases of the genitourinary system","N00-N98","2023 ","2023",294,1435138,20.5
"Total","Hawaii","15","Diseases of the genitourinary system","N00-N98",,,1455,8560256,17.0
"Total","Hawaii","15",,,,,1455,8560256,17.0
,"Idaho","16","Diseases of the genitourinary system","N00-N98","2018","2018",144,1754208,8.2
,"Idaho","16","Diseases of the genitourinary system","N00-N98","2019","2019",185,1787065,10.4
,"Idaho","16","Diseases of the genitourinary system","N00-N98","2020","2020",163,1826913,8.9
,"Idaho","16","Diseases of the genitourinary system","N00-N98","2021","2021",161,1900923,8.5
,"Idaho","16","Diseases of the genitourinary system","N00-N98","2022","2022",165,1939033,8.5
,"Idaho","16","Diseases of the genitourinary system","N00-N98","2023 ","2023",128,1964726,6.5
"Total","Idaho","16","Diseases of the genitourinary system","N00-N98",,,946,11172868,8.5
"Total","Idaho","16",,,,,946,11172868,8.5
,"Illinois","17","Diseases of the genitourinary system","N00-N98","2018","2018",2609,12741080,20.5
,"Illinois","17","Diseases of the genitourinary system","N00-N98","2019","2019",2521,12671821,19.9
,"Illinois","17","Diseases of the genitourinary system","N00-N98","2020","2020",2616,12587530,20.8
,"Illinois","17","Diseases of the genitourinary system","N00-N98","2021","2021",2616,12671469,20.6
,"Illinois","17","Diseases of the genitourinary system","N00-N98","2022","2022",2875,12582032,22.9
,"Illinois","17","Diseases of the genitourinary system","N00-N98","2023 ","2023",2747,12549689,21.9
"Total","Illinois","17","Diseases of the genitourinary system","N00-N98",,,15984,75803621,21.1
"Total","Illinois","17",,,,,15984,75803621,21.1
,"Indiana","18","Diseases of the genitourinary system","N00-N98","2018","2018",1388,6691878,20.7
,"Indiana","18","Diseases of the genitourinary system","N00-N98","2019","2019",1364,6732219,20.3
,"Indiana","18","Diseases of the genitourinary system","N00-N98","2020","2020",1414,6754953,20.9
,"Indiana","18","Diseases of the genitourinary system","N00-N98","2021","2021",1396,6805985,20.5
,"Indiana","18","Diseases of the genitourinary system","N00-N98","2022","2022",1512,6833037,22.1
,"Indiana","18","Diseases of the genitourinary system","N00-N98","2023 ","2023",1442,6862199,21.0
"Total","Indiana","18","Diseases of the genitourinary system","N00-N98",,,8516,40680271,20.9
"Total","Indiana","18",,,,,8516,40680271,20.9
,"Iowa","19","Diseases of the genitourinary system","N00-N98","2018","2018",379,3156145,12.0
,"Iowa","19","Diseases of the genitourinary system","N00-N98","2019","2019",419,3155070,13.3
,"Iowa","19","Diseases of the genitourinary system","N00-N98","2020","2020",420,3163561,13.3
,"Iowa","19","Diseases of the genitourinary system","N00-N98","2021","2021",406,3193079,12.7
,"Iowa","19","Diseases of the genitourinary system","N00-N98","2022","2022",467,3200517,14.6
,"Iowa","19","Diseases of the genitourinary system","N00-N98","2023 ","2023",500,3207004,15.6
"Total","Iowa","19","Diseases of the genitourinary system","N00-N98",,,2591,19075376,13.6
"Total","Iowa","19",,,,,2591,19075376,13.6
,"Kansas","20","Diseases of the genitourinary system","N00-N98","2018","2018",542,2911505,18.6
,"Kansas","20","Diseases of the genitourinary system","N00-N98","2019","2019",553,2913314,19.0
,"Kansas","20","Diseases of the genitourinary system","N00-N98","2020","2020",515,2913805,17.7
,"Kansas","20","Diseases of the genitourinary system","N00-N98","2021","2021",538,2934582,18.3
,"Kansas","20","Diseases of the genitourinary system","N00-N98","2022","2022",633,2937150,21.6
,"Kansas","20","Diseases of the genitourinary system","N00-N98","2023 ","2023",553,2940546,18.8
"Total","Kansas","20","Diseases of the genitourinary system","N00-N98",,,3334,17550902,19.0
"Total","Kansas","20",,,,,3334,17550902,19.0
,"Kentucky","21","Diseases of the genitourinary system","N00-N98","2018","2018",989,4468402,22.1
,"Kentucky","21","Diseases of the genitourinary system","N00-N98","2019","2019",974,4467673,21.8
,"Kentucky","21","Diseases of the genitourinary system","N00-N98","2020","2020",895,4477251,20.0
,"Kentucky","21","Diseases of the genitourinary system","N00-N98","2021","2021",1111,4509394,24.6
,"Kentucky","21","Diseases of the genitourinary system","N00-N98","2022","2022",1209,4512310,26.8
,"Kentucky","21","Diseases of the genitourinary system","N00-N98","2023 ","2023",1211,4526154,26.8
"Total","Kentucky","21","Diseases of the genitourinary system","N00-N98",,,6389,26961184,23.7
"Total","Kentucky","21",,,,,6389,26961184,23.7
,"Louisiana","22","Diseases of the genitourinary system","N00-N98","2018","2018",1113,4659978,23.9
,"Louisiana","22","Diseases of the genitourinary system","N00-N98","2019","2019",1043,4648794,22.4
,"Louisiana","22","Diseases of the genitourinary system","N00-N98","2020","2020",1070,4645318,23.0
,"Louisiana","22","Diseases of the genitourinary system","N00-N98","2021","2021",1097,4624047,23.7
,"Louisiana","22","Diseases of the genitourinary system","N00-N98","2022","2022",1057,4590241,23.0
,"Louisiana","22","Diseases of the genitourinary system","N00-N98","2023 ","2023",1088,4573749,23.8
"Total","Louisiana","22","Diseases of the genitourinary system","N00-N98",,,6468,27742127,23.3
"Total","Louisiana","22",,,,,6468,27742127,23.3
,"Maine","23","Diseases of the genitourinary system","N00-N98","2018","2018",252,1338404,18.8
,"Maine","23","Diseases of the genitourinary system","N00-N98","2019","2019",232,1344212,17.3
,"Maine","23","Diseases of the genitourinary system","N00-N98","2020","2020",225,1350141,16.7
,"Maine","23","Diseases of the genitourinary system","N00-N98","2021","2021",241,1372247,17.6
,"Maine","23","Diseases of the genitourinary system","N00-N98","2022","2022",237,1385340,17.1
,"Maine","23","Diseases of the genitourinary system","N00-N98","2023 ","2023",232,1395722,16.6
"Total","Maine","23","Diseases of the genitourinary system","N00-N98",,,1419,8186066,17.3
"Total","Maine","23",,,,,1419,8186066,17.3
,"Maryland","24","Diseases of the genitourinary system","N00-N98","2018","2018",828,6042718,13.7
,"Maryland","24","Diseases of the genitourinary system","N00-N98","2019","2019",717,6045680,11.9
,"Maryland","24","Diseases of the genitourinary system","N00-N98","2020","2020",723,6055802,11.9
,"Maryland","24","Diseases of the genitourinary system","N00-N98","2021","2021",688,6165129,11.2
,"Maryland","24","Diseases of the genitourinary system","N00-N98","2022","2022",727,6164660,11.8
,"Maryland","24","Diseases of the genitourinary system","N00-N98","2023 ","2023",744,6180253,12.0
"Total","Maryland","24","Diseases of the genitourinary system","N00-N98",,,4427,36654242,12.1
"Total","Maryland","24",,,,,4427,36654242,12.1
,"Massachusetts","25","Diseases of the genitourinary system","N00-N98","2018","2018",1148,6902149,16.6
,"Massachusetts","25","Diseases of the genitourinary system","N00-N98","2019","2019",1256,6892503,18.2
,"Massachusetts","25","Diseases of the genitourinary system","N00-N98","2020","2020",1191,6893574,17.3
,"Massachusetts","25","Diseases of the genitourinary system","N00-N98","2021","2021",1189,6984723,17.0
,"Massachusetts","25","Diseases of the genitourinary system","N00-N98","2022","2022",1382,6981974,19.8
,"Massachusetts","25","Diseases of the genitourinary system","N00-N98","2023 ","2023",1268,7001399,18.1
"Total","Massachusetts","25","Diseases of the genitourinary system","N00-N98",,,7434,41656322,17.8
"Total","Massachusetts","25",,,,,7434,41656322,17.8
,"Michigan","26","Diseases of the genitourinary system","N00-N98","2018","2018",1922,9995915,19.2
,"Michigan","26","Diseases of the genitourinary system","N00-N98","2019","2019",1828,9986857,18.3
,"Michigan","26","Diseases of the genitourinary system","N00-N98","2020","2020",1914,9966555,19.2
,"Michigan","26","Diseases of the genitourinary system","N00-N98","2021","2021",1934,10050811,19.2
,"Michigan","26","Diseases of the genitourinary system","N00-N98","2022","2022",2073,10034113,20.7
,"Michigan","26","Diseases of the genitourinary system","N00-N98","2023 ","2023",1858,10037261,18.5
"Total","Michigan","26","Diseases of the genitourinary system","N00-N98",,,11529,60071512,19.2
"Total","Michigan","26",,,,,11529,60071512,19.2
,"Minnesota","27","Diseases of the genitourinary system","N00-N98","2018","2018",570,5611179,10.2
,"Minnesota","27","Diseases of the genitourinary system","N00-N98","2019","2019",496,5639632,8.8
,"Minnesota","27","Diseases of the genitourinary system","N00-N98","2020","2020",506,5657342,8.9
,"Minnesota","27","Diseases of the genitourinary system","N00-N98","2021","2021",484,5707390,8.5
,"Minnesota","27","Diseases of the genitourinary system","N00-N98","2022","2022",578,5717184,10.1
,"Minnesota","27","Diseases of the genitourinary system","N00-N98","2023 ","2023",504,5737915,8.8
"Total","Minnesota","27","Diseases of the genitourinary system","N00-N98",,,3138,34070642,9.2
"Total","Minnesota","27",,,,,3138,34070642,9.2
,"Mississippi","28","Diseases of the genitourinary system","N00-N98","2018","2018",771,2986530,25.8
,"Mississippi","28","Diseases of the genitourinary system","N00-N98","2019","2019",759,2976149,25.5
,"Mississippi","28","Diseases of the genitourinary system","N00-N98","2020","2020",782,2966786,26.4
,"Mississippi","28","Diseases of the genitourinary system","N00-N98","2021","2021",718,2949965,24.3
,"Mississippi","28","Diseases of the genitourinary system","N00-N98","2022","2022",750,2940057,25.5
,"Mississippi","28","Diseases of the genitourinary system","N00-N98","2023 ","2023",666,2939690,22.7
"Total","Mississippi","28","Diseases of the genitourinary system","N00-N98",,,4446,17759177,25.0
"Total","Mississippi","28",,,,,4446,17759177,25.0
,"Missouri","29","Diseases of the genitourinary system","N00-N98","2018","2018",1481,6126452,24.2
,"Missouri","29","Diseases of the genitourinary system","N00-N98","2019","2019",1458,6137428,23.8
,"Missouri","29","Diseases of the genitourinary system","N00-N98","2020","2020",1659,6151548,27.0
,"Missouri","29","Diseases of the genitourinary system","N00-N98","2021","2021",1523,6168187,24.7
,"Missouri","29","Diseases of the genitourinary system","N00-N98","2022","2022",1662,6177957,26.9
,"Missouri","29","Diseases of the genitourinary system","N00-N98","2023 ","2023",1692,6196156,27.3
"Total","Missouri","29","Diseases of the genitourinary system","N00-N98",,,9475,36957728,25.6
"Total","Missouri","29",,,,,9475,36957728,25.6
,"Montana","30","Diseases of the genitourinary system","N00-N98","2018","2018",144,1062305,13.6
,"Montana","30","Diseases of the genitourinary system","N00-N98","2019","2019",131,1068778,12.3
,"Montana","30","Diseases of the genitourinary system","N00-N98","2020","2020",148,1080577,13.7
,"Montana","30","Diseases of the genitourinary system","N00-N98","2021","2021",166,1104271,15.0
,"Montana","30","Diseases of the genitourinary system","N00-N98","2022","2022",161,1122867,14.3
,"Montana","30","Diseases of the genitourinary system","N00-N98","2023 ","2023",133,1132812,11.7
"Total","Montana","30","Diseases of the genitourinary system","N00-N98",,,883,6571610,13.4
"Total","Montana","30",,,,,883,6571610,13.4
,"Nebraska","31","Diseases of the genitourinary system","N00-N98","2018","2018",226,1929268,11.7
,"Nebraska","31","Diseases of the genitourinary system","N00-N98","2019","2019",269,1934408,13.9
,"Nebraska","31","Diseases of the genitourinary system","N00-N98","2020","2020",235,1937552,12.1
,"Nebraska","31","Diseases of the genitourinary system","N00-N98","2021","2021",196,1963692,10.0
,"Nebraska","31","Diseases of the genitourinary system","N00-N98","2022","2022",268,1967923,13.6
,"Nebraska","31","Diseases of the genitourinary system","N00-N98","2023 ","2023",250,1978379,12.6
"Total","Nebraska","31","Diseases of the genitourinary system","N00-N98",,,1444,11711222,12.3
"Total","Nebraska","31",,,,,1444,11711222,12.3
,"Nevada","32","Diseases of the genitourinary system","N00-N98","2018","2018",286,3034392,9.4
,"Nevada","32","Diseases of the genitourinary system","N00-N98","2019","2019",297,3080156,9.6
,"Nevada","32","Diseases of the genitourinary system","N00-N98","2020","2020",321,3138259,10.2
,"Nevada","32","Diseases of the genitourinary system","N00-N98","2021","2021",298,3143991,9.5
,"Nevada","32","Diseases of the genitourinary system","N00-N98","2022","2022",280,3177772,8.8
,"Nevada","32","Diseases of the genitourinary system","N00-N98","2023 ","2023",282,3194176,8.8
"Total","Nevada","32","Diseases of the genitourinary system","N00-N98",,,1764,18768746,9.4
"Total","Nevada","32",,,,,1764,18768746,9.4
,"New Hampshire","33","Diseases of the genitourinary system","N00-N98","2018","2018",189,1356458,13.9
,"New Hampshire","33","Diseases of the genitourinary system","N00-N98","2019","2019",211,1359711,15.5
,"New Hampshire","33","Diseases of the genitourinary system","N00-N98","2020","2020",174,1366275,12.7
,"New Hampshire","33","Diseases of the genitourinary system","N00-N98","2021","2021",185,1388992,13.3
,"New Hampshire","33","Diseases of the genitourinary system","N00-N98","2022","2022",208,1395231,14.9
,"New Hampshire","33","Diseases of the genitourinary system","N00-N98","2023 ","2023",207,1402054,14.8
"Total","New Hampshire","33","Diseases of the genitourinary system","N00-N98",,,1174,8268721,14.2
"Total","New Hampshire","33",,,,,1174,8268721,14.2
,"New Jersey","34","Diseases of the genitourinary system","N00-N98","2018","2018",1654,8908520,18.6
,"New Jersey","34","Diseases of the genitourinary system","N00-N98","2019","2019",1590,8882190,17.9
,"New Jersey","34","Diseases of the genitourinary system","N00-N98","2020","2020",1651,8882371,18.6
,"New Jersey","34","Diseases of the genitourinary system","N00-N98","2021","2021",1625,9267130,17.5
,"New Jersey","34","Diseases of the genitourinary system","N00-N98","2022","2022",1749,9261699,18.9
,"New Jersey","34","Diseases of the genitourinary system","N00-N98","2023 ","2023",1711,9290841,18.4
"Total","New Jersey","34","Diseases of the genitourinary system","N00-N98",,,9980,54492751,18.3
"Total","New Jersey","34",,,,,9980,54492751,18.3
,"New Mexico","35","Diseases of the genitourinary system","N00-N98","2018","2018",322,2095428,15.4
,"New Mexico","35","Diseases of the genitourinary system","N00-N98","2019","2019",332,2096829,15.8
,"New Mexico","35","Diseases of the genitourinary system","N00-N98","2020","2020",328,2106319,15.6
,"New Mexico","35","Diseases of the genitourinary system","N00-N98","2021","2021",325,2115877,15.4
,"New Mexico","35","Diseases of the genitourinary system","N00-N98","2022","2022",361,2113344,17.1
,"New Mexico","35","Diseases of the genitourinary system","N00-N98","2023 ","2023",327,2114371,15.5
"Total","New Mexico","35","Diseases of the genitourinary system","N00-N98",,,1995,12642168,15.8
"Total","New Mexico","35",,,,,1995,12642168,15.8
,"New York","36","Diseases of the genitourinary system","N00-N98","2018","2018",2358,19542209,12.1
,"New York","36","Diseases of the genitourinary system","N00-N98","2019","2019",2514,19453561,12.9
,"New York","36","Diseases of the genitourinary system","N00-N98","2020","2020",2598,19336776,13.4
,"New York","36","Diseases of the genitourinary system","N00-N98","2021","2021",2497,19835913,12.6
,"New York","36","Diseases of the genitourinary system","N00-N98","2022","2022",2584,19677151,13.1
,"New York","36","Diseases of the genitourinary system","N00-N98","2023 ","2023",2570,19571216,13.1
"Total","New York","36","Diseases of the genitourinary system","N00-N98",,,15121,117416826,12.9
"Total","New York","36",,,,,15121,117416826,12.9
,"North Carolina","37","Diseases of the genitourinary system","N00-N98","2018","2018",1890,10383620,18.2
,"North Carolina","37","Diseases of the genitourinary system","N00-N98","2019","2019",2073,10488084,19.8
,"North Carolina","37","Diseases of the genitourinary system","N00-N98","2020","2020",2030,10600823,19.1
,"North Carolina","37","Diseases of the genitourinary system","N00-N98","2021","2021",2191,10551162,20.8
,"North Carolina","37","Diseases of the genitourinary system","N00-N98","2022","2022",2115,10698973,19.8
,"North Carolina","37","Diseases of the genitourinary system","N00-N98","2023 ","2023",2057,10835491,19.0
"Total","North Carolina","37","Diseases of the genitourinary system","N00-N98",,,12356,63558153,19.4
"Total","North Carolina","37",,,,,12356,63558153,19.4
,"North Dakota","38","Diseases of the genitourinary system","N00-N98","2018","2018",115,760077,15.1
,"North Dakota","38","Diseases of the genitourinary system","N00-N98","2019","2019",98,762062,12.9
,"North Dakota","38","Diseases of the genitourinary system","N00-N98","2020","2020",114,765309,14.9
,"North Dakota","38","Diseases of the genitourinary system","N00-N98","2021","2021",104,774948,13.4
,"North Dakota","38","Diseases of the genitourinary system","N00-N98","2022","2022",113,779261,14.5
,"North Dakota","38","Diseases of the genitourinary system","N00-N98","2023 ","2023",115,783926,14.7
"Total","North Dakota","38","Diseases of the genitourinary system","N00-N98",,,659,4625583,14.2
"Total","North Dakota","38",,,,,659,4625583,14.2
,"Ohio","39","Diseases of the genitourinary system","N00-N98","2018","2018",2163,11689442,18.5
,"Ohio","39","Diseases of the genitourinary system","N00-N98","2019","2019",2124,11689100,18.2
,"Ohio","39","Diseases of the genitourinary system","N00-N98","2020","2020",2147,11693217,18.4
,"Ohio","39","Diseases of the genitourinary system","N00-N98","2021","2021",2244,11780017,19.0
,"Ohio","39","Diseases of the genitourinary system","N00-N98","2022","2022",2495,11756058,21.2
,"Ohio","39","Diseases of the genitourinary system","N00-N98","2023 ","2023",2274,11785935,19.3
"Total","Ohio","39","Diseases of the genitourinary system","N00-N98",,,13447,70393769,19.1
"Total","Ohio","39",,,,,13447,70393769,19.1
,"Oklahoma","40","Diseases of the genitourinary system","N00-N98","2018","2018",440,3943079,11.2
,"Oklahoma","40","Diseases of the genitourinary system","N00-N98","2019","2019",514,3956971,13.0
,"Oklahoma","40","Diseases of the genitourinary system","N00-N98","2020","2020",521,3980783,13.1
,"Oklahoma","40","Diseases of the genitourinary system","N00-N98","2021","2021",507,3986639,12.7
,"Oklahoma","40","Diseases of the genitourinary system","N00-N98","2022","2022",511,4019800,12.7
,"Oklahoma","40","Diseases of the genitourinary system","N00-N98","2023 ","2023",503,4053824,12.4
"Total","Oklahoma","40","Diseases of the genitourinary system","N00-N98",,,2996,23941096,12.5
"Total","Oklahoma","40",,,,,2996,23941096,12.5
,"Oregon","41","Diseases of the genitourinary system","N00-N98","2018","2018",373,4190713,8.9
,"Oregon","41","Diseases of the genitourinary system","N00-N98","2019","2019",415,4217737,9.8
,"Oregon","41","Diseases of the genitourinary system","N00-N98","2020","2020",357,4241507,8.4
,"Oregon","41","Diseases of the genitourinary system","N00-N98","2021","2021",384,4246155,9.0
,"Oregon","41","Diseases of the genitourinary system","N00-N98","2022","2022",464,4240137,10.9
,"Oregon","41","Diseases of the genitourinary system","N00-N98","2023 ","2023",388,4233358,9.2
"Total","Oregon","41","Diseases of the genitourinary system","N00-N98",,,2381,25369607,9.4
"Total","Oregon","41",,,,,2381,25369607,9.4
,"Pennsylvania","42","Diseases of the genitourinary system","N00-N98","2018","2018",2871,12807060,22.4
,"Pennsylvania","42","Diseases of the genitourinary system","N00-N98","2019","2019",2932,12801989,22.9
,"Pennsylvania","42","Diseases of the genitourinary system","N00-N98","2020","2020",2872,12783254,22.5
,"Pennsylvania","42","Diseases of the genitourinary system","N00-N98","2021","2021",2984,12964056,23.0
,"Pennsylvania","42","Diseases of the genitourinary system","N00-N98","2022","2022",3074,12972008,23.7
,"Pennsylvania","42","Diseases of the genitourinary system","N00-N98","2023 ","2023",2981,12961683,23.0
"Total","Pennsylvania","42","Diseases of the genitourinary system","N00-N98",,,17714,77290050,22.9
"Total","Pennsylvania","42",,,,,17714,77290050,22.9
,"Rhode Island","44","Diseases of the genitourinary system","N00-N98","2018","2018",140,1057315,13.2
,"Rhode Island","44","Diseases of the genitourinary system","N00-N98","2019","2019",171,1059361,16.1
,"Rhode Island","44","Diseases of the genitourinary system","N00-N98","2020","2020",137,1057125,13.0
,"Rhode Island","44","Diseases of the genitourinary system","N00-N98","2021","2021",182,1095610,16.6
,"Rhode Island","44","Diseases of the genitourinary system","N00-N98","2022","2022",120,1093734,11.0
,"Rhode Island","44","Diseases of the genitourinary system","N00-N98","2023 ","2023",109,1095962,9.9
"Total","Rhode Island","44","Diseases of the genitourinary system","N00-N98",,,859,6459107,13.3
"Total","Rhode Island","44",,,,,859,6459107,13.3
,"South Carolina","45","Diseases of the genitourinary system","N00-N98","2018","2018",958,5084127,18.8
,"South Carolina","45","Diseases of the genitourinary system","N00-N98","2019","2019",992,5148714,19.3
,"South Carolina","45","Diseases of the genitourinary system","N00-N98","2020","2020",989,5218040,19.0
,"South Carolina","45","Diseases of the genitourinary system","N00-N98","2021","2021",907,5190705,17.5
,"South Carolina","45","Diseases of the genitourinary system","N00-N98","2022","2022",928,5282634,17.6
,"South Carolina","45","Diseases of the genitourinary system","N00-N98","2023 ","2023",888,5373555,16.5
"Total","South Carolina","45","Diseases of the genitourinary system","N00-N98",,,5662,31297775,18.1
"Total","South Carolina","45",,,,,5662,31297775,18.1
,"South Dakota","46","Diseases of the genitourinary system","N00-N98","2018","2018",67,882235,7.6
,"South Dakota","46","Diseases of the genitourinary system","N00-N98","2019","2019",68,884659,7.7
,"South Dakota","46","Diseases of the genitourinary system","N00-N98","2020","2020",63,892717,7.1
,"South Dakota","46","Diseases of the genitourinary system","N00-N98","2021","2021",85,895376,9.5
,"South Dakota","46","Diseases of the genitourinary system","N00-N98","2022","2022",79,909824,8.7
,"South Dakota","46","Diseases of the genitourinary system","N00-N98","2023 ","2023",100,919318,10.9
"Total","South Dakota","46","Diseases of the genitourinary system","N00-N98",,,462,5384129,8.6
"Total","South Dakota","46",,,,,462,5384129,8.6
,"Tennessee","47","Diseases of the genitourinary system","N00-N98","2018","2018",1117,6770010,16.5
,"Tennessee","47","Diseases of the genitourinary system","N00-N98","2019","2019",1034,6829174,15.1
,"Tennessee","47","Diseases of the genitourinary system","N00-N98","2020","2020",1030,6886834,15.0
,"Tennessee","47","Diseases of the genitourinary system","N00-N98","2021","2021",1219,6975218,17.5
,"Tennessee","47","Diseases of the genitourinary system","N00-N98","2022","2022",1219,7051339,17.3
,"Tennessee","47","Diseases of the genitourinary system","N00-N98","2023 ","2023",1210,7126489,17.0
"Total","Tennessee","47","Diseases of the genitourinary system","N00-N98",,,6829,41639064,16.4
"Total","Tennessee","47",,,,,6829,41639064,16.4
,"Texas","48","Diseases of the genitourinary system","N00-N98","2018","2018",4435,28701845,15.5
,"Texas","48","Diseases of the genitourinary system","N00-N98","2019","2019",4065,28995881,14.0
,"Texas","48","Diseases of the genitourinary system","N00-N98","2020","2020",4318,29360759,14.7
,"Texas","48","Diseases of the genitourinary system","N00-N98","2021","2021",4426,29527941,15.0
,"Texas","48","Diseases of the genitourinary system","N00-N98","2022","2022",4675,30029572,15.6
,"Texas","48","Diseases of the genitourinary system","N00-N98","2023 ","2023",4515,30503301,14.8
"Total","Texas","48","Diseases of the genitourinary system","N00-N98",,,26434,177119299,14.9
"Total","Texas","48",,,,,26434,177119299,14.9
,"Utah","49","Diseases of the genitourinary system","N00-N98","2018","2018",330,3161105,10.4
,"Utah","49","Diseases of the genitourinary system","N00-N98","2019","2019",346,3205958,10.8
,"Utah","49","Diseases of the genitourinary system","N00-N98","2020","2020",360,3249879,11.1
,"Utah","49","Diseases of the genitourinary system","N00-N98","2021","2021",360,3337975,10.8
,"Utah","49","Diseases of the genitourinary system","N00-N98","2022","2022",378,3380800,11.2
,"Utah","49","Diseases of the genitourinary system","N00-N98","2023 ","2023",371,3417734,10.9
"Total","Utah","49","Diseases of the genitourinary system","N00-N98",,,2145,19753451,10.9
"Total","Utah","49",,,,,2145,19753451,10.9
,"Vermont","50","Diseases of the genitourinary system","N00-N98","2018","2018",17,626299,Unreliable
,"Vermont","50","Diseases of the genitourinary system","N00-N98","2019","2019",30,623989,4.8
,"Vermont","50","Diseases of the genitourinary system","N00-N98","2020","2020",24,623347,3.9
,"Vermont","50","Diseases of the genitourinary system","N00-N98","2021","2021",32,645570,5.0
,"Vermont","50","Diseases of the genitourinary system","N00-N98","2022","2022",36,647064,5.6
,"Vermont","50","Diseases of the genitourinary system","N00-N98","2023 ","2023",51,647464,7.9
"Total","Vermont","50","Diseases of the genitourinary system","N00-N98",,,190,3813733,5.0
"Total","Vermont","50",,,,,190,3813733,5.0
,"Virginia","51","Diseases of the genitourinary system","N00-N98","2018","2018",1536,8517685,18.0
,"Virginia","51","Diseases of the genitourinary system","N00-N98","2019","2019",1628,8535519,19.1
,"Virginia","51","Diseases of the genitourinary system","N00-N98","2020","2020",1612,8590563,18.8
,"Virginia","51","Diseases of the genitourinary system","N00-N98","2021","2021",1609,8642274,18.6
,"Virginia","51","Diseases of the genitourinary system","N00-N98","2022","2022",1672,8683619,19.3
,"Virginia","51","Diseases of the genitourinary system","N00-N98","2023 ","2023",1531,8715698,17.6
"Total","Virginia","51","Diseases of the genitourinary system","N00-N98",,,9588,51685358,18.6
"Total","Virginia","51",,,,,9588,51685358,18.6
,"Washington","53","Diseases of the genitourinary system","N00-N98","2018","2018",375,7535591,5.0
,"Washington","53","Diseases of the genitourinary system","N00-N98","2019","2019",363,7614893,4.8
,"Washington","53","Diseases of the genitourinary system","N00-N98","2020","2020",350,7693612,4.5
,"Washington","53","Diseases of the genitourinary system","N00-N98","2021","2021",395,7738692,5.1
,"Washington","53","Diseases of the genitourinary system","N00-N98","2022","2022",526,7785786,6.8
,"Washington","53","Diseases of the genitourinary system","N00-N98","2023 ","2023",494,7812880,6.3
"Total","Washington","53","Diseases of the genitourinary system","N00-N98",,,2503,46181454,5.4
"Total","Washington","53",,,,,2503,46181454,5.4
,"West Virginia","54","Diseases of the genitourinary system","N00-N98","2018","2018",484,1805832,26.8
,"West Virginia","54","Diseases of the genitourinary system","N00-N98","2019","2019",413,1792147,23.0
,"West Virginia","54","Diseases of the genitourinary system","N00-N98","2020","2020",548,1784787,30.7
,"West Virginia","54","Diseases of the genitourinary system","N00-N98","2021","2021",628,1782959,35.2
,"West Virginia","54","Diseases of the genitourinary system","N00-N98","2022","2022",614,1775156,34.6
,"West Virginia","54","Diseases of the genitourinary system","N00-N98","2023 ","2023",513,1770071,29.0
"Total","West Virginia","54","Diseases of the genitourinary system","N00-N98",,,3200,10710952,29.9
"Total","West Virginia","54",,,,,3200,10710952,29.9
,"Wisconsin","55","Diseases of the genitourinary system","N00-N98","2018","2018",896,5813568,15.4
,"Wisconsin","55","Diseases of the genitourinary system","N00-N98","2019","2019",935,5822434,16.1
,"Wisconsin","55","Diseases of the genitourinary system","N00-N98","2020","2020",830,5832655,14.2
,"Wisconsin","55","Diseases of the genitourinary system","N00-N98","2021","2021",835,5895908,14.2
,"Wisconsin","55","Diseases of the genitourinary system","N00-N98","2022","2022",874,5892539,14.8
,"Wisconsin","55","Diseases of the genitourinary system","N00-N98","2023 ","2023",757,5910955,12.8
"Total","Wisconsin","55","Diseases of the genitourinary system","N00-N98",,,5127,35168059,14.6
"Total","Wisconsin","55",,,,,5127,35168059,14.6
,"Wyoming","56","Diseases of the genitourinary system","N00-N98","2018","2018",56,577737,9.7
,"Wyoming","56","Diseases of the genitourinary system","N00-N98","2019","2019",59,578759,10.2
,"Wyoming","56","Diseases of the genitourinary system","N00-N98","2020","2020",58,582328,10.0
,"Wyoming","56","Diseases of the genitourinary system","N00-N98","2021","2021",63,578803,10.9
,"Wyoming","56","Diseases of the genitourinary system","N00-N98","2022","2022",77,581381,13.2
,"Wyoming","56","Diseases of the genitourinary system","N00-N98","2023 ","2023",87,584057,14.9
"Total","Wyoming","56","Diseases of the genitourinary system","N00-N98",,,400,3483065,11.5
"Total","Wyoming","56",,,,,400,3483065,11.5
"Total",,,,,,,316539,1984987277,15.9
"---"
"Dataset: Multiple Cause of Death, 2018-2023, Single Race"
"Query Parameters:"
"UCD - ICD-10 Codes: N17-N19 (Renal failure)"
"Group By: State; UCD - ICD Chapter; Year"
"Show Totals: True"
"Show Zero Values: False"
"Show Suppressed: False"
"Calculate Rates Per: 100,000"
"Rate Options: Default intercensal populations for years 2001-2009 (except Infant Age Groups)"
"---"
"Help: See http://wonder.cdc.gov/wonder/help/mcd-expanded.html for more information."
"---"
"Query Date: Jan 4, 2026 9:36:11 PM"
"---"
"Suggested Citation: Centers for Disease Control and Prevention, National Center for Health Statistics. National Vital Statistics"
"System, Mortality 2018-2023 on CDC WONDER Online Database, released in 2024. Data are from the Multiple Cause of Death Files,"
"2018-2023, as compiled from data provided by the 57 vital statistics jurisdictions through the Vital Statistics Cooperative"
"Program. Accessed at http://wonder.cdc.gov/mcd-icd10-expanded.html on Jan 4, 2026 9:36:11 PM"
"---"
Caveats:
"1. These items in the results table are not fully selected: Diseases of the genitourinary system. The Query Description lists"
"the actual values selected."
"2. Death rates are flagged as Unreliable when the rate is calculated with a numerator of 20 or less. More information:"
"http://wonder.cdc.gov/wonder/help/mcd-expanded.html#Unreliable."
"3. The population figures for years 2023 are single-race estimates of the July 1 resident population, from the Vintage 2023"
"postcensal series released by the Census Bureau on June 27, 2024. The 2023 series is based on the Modified Blended Base produced"
"by the US Census Bureau in lieu of the April 1, 2020 decennial population count. The Modified Blended Base consists of the blend"
"of Vintage 2020 postcensal population estimates for April 1, 2020, 2020 Demographic Analysis Estimates, and 2020 Census data"
"from the internal Census Edited File (CEF). The population figures for years 2022 are single-race estimates of the July 1"
"resident population, from the Vintage 2022 postcensal series released by the Census Bureau on June 22, 2023. The 2022 series is"
"based on the Modified Blended Base produced by the US Census Bureau in lieu of the April 1, 2020 decennial population count. The"
"Modified Blended Base consists of the blend of Vintage 2020 postcensal population estimates for April 1, 2020, 2020 Demographic"
"Analysis Estimates, and 2020 Census data from the internal Census Edited File (CEF). The population figures for year 2021 are"
"single-race estimates of the July 1 resident population, based on the Blended Base produced by the US Census Bureau in lieu of"
"the April 1, 2020 decennial population count, from the Vintage 2021 postcensal series released by the Census Bureau on June 30,"
"2022. The population figures for year 2020 are single-race estimates of the July 1 resident population, from the Vintage 2020"
"postcensal series based on April 2010 Census, released by the Census Bureau on July 27, 2021. The population figures for year"
"2019 are single-race estimates of the July 1 resident population, from the Vintage 2019 postcensal series based on April 2010"
"Census, released by the Census Bureau on June 25, 2020. The population figures for year 2018 are single-race estimates of the"
"July 1 resident population, from the Vintage 2018 postcensal series based on April 2010 Census, released by the Census Bureau on"
"June 20, 2019. More information: http://wonder.cdc.gov/wonder/help/mcd-expanded.html#Population Data."
"4. The population figures used in the calculation of death rates for the age group 'under 1 year' are the estimates of the"
"resident population that is under one year of age. More information: http://wonder.cdc.gov/wonder/help/mcd-expanded.html#Age"
"Group."
"5. Beginning with the 2018 data, changes have been implemented that affect the counts for ICD-10 cause of death codes O00-O99"
"compared to previous practice. In addition, data for the cause of death codes O00-O99 for 2003 through 2017 reflect differences"
"in information available to individual states and probable errors. Caution should be used in interpreting these data. More"
"information can be found at: https://www.cdc.gov/nchs/maternal-mortality/."
"6. On March 11, 2021, the 2019 mortality data on CDC WONDER was updated with the 2019 mortality data updated by NCHS on March 4,"
"2021 to include corrected information for residents of Texas affecting 5 records previously coded to cause code *U01.4,"
"Terrorism involving firearms (homicide). The underlying and multiple cause of death codes for 5 records were corrected in the"
"2019 data. Underlying and multiple cause of death codes for those 5 records were recoded to Assault (homicide) by other and"
"unspecified firearm discharge, ICD-10 code X95. The corrected final death records replaces the data released on December 22,"
"2020."
"7. Connecticut population estimates for 2022 and later years are reported for 9 planning regions as county equivalent areas,"
"instead of the former 8 legacy counties in the Vintage 2022 postcensal series released by the Census Bureau on June 22, 2023,"
"and in the Vintage 2023 postcensal series released by the Census Bureau on June 27, 2024. Populations estimates for the former"
"counties are not available for 2022 and later years. More information:"
"http://wonder.cdc.gov/wonder/help/mcd-expanded.html#Connecticut-2022."
"8. After the creation of the final 2023 dataset, North Carolina updated the cause of death information for over 900 death"
"certificates to include a cause of death code indicating drug overdose (ICD-10 underlying cause-of-death codes: X40-X44,"
"X60-X64, X85, and Y10-Y14). Jurisdictions can continue to update death certificates after the closing of the mortality file. As"
"a result, users should consider that the actual death count for drug overdose deaths for North Carolina in 2023 is over 4,400"
"deaths, with a crude rate of approximately 41.0 per 100,000 population, and an age-adjusted rate of approximately 42.1 per"
"100,000 population. These deaths will not be updated on the final mortality datasets."