"Notes","MCD - ICD Sub-Chapter","MCD - ICD Sub-Chapter Code","Year","Year Code","Sex","Sex Code","Single Race 6","Single Race 6 Code","Ten-Year Age Groups","Ten-Year Age Groups Code",Deaths,Population,Crude Rate
,"Other bacterial diseases","A30-A49","2018","2018","Female","F","American Indian or Alaska Native","1002-5","25-34 years","25-34",31,312927,9.9
,"Other bacterial diseases","A30-A49","2018","2018","Female","F","American Indian or Alaska Native","1002-5","35-44 years","35-44",59,269357,21.9
,"Other bacterial diseases","A30-A49","2018","2018","Female","F","American Indian or Alaska Native","1002-5","45-54 years","45-54",104,247039,42.1
,"Other bacterial diseases","A30-A49","2018","2018","Female","F","American Indian or Alaska Native","1002-5","55-64 years","55-64",192,223156,86.0
,"Other bacterial diseases","A30-A49","2018","2018","Female","F","American Indian or Alaska Native","1002-5","65-74 years","65-74",202,130699,154.6
,"Other bacterial diseases","A30-A49","2018","2018","Female","F","American Indian or Alaska Native","1002-5","75-84 years","75-84",156,56718,275.0
,"Other bacterial diseases","A30-A49","2018","2018","Female","F","American Indian or Alaska Native","1002-5","85+ years","85+",111,21473,516.9
,"Other bacterial diseases","A30-A49","2018","2018","Female","F","Asian","A","25-34 years","25-34",26,1705545,1.5
,"Other bacterial diseases","A30-A49","2018","2018","Female","F","Asian","A","35-44 years","35-44",56,1638916,3.4
,"Other bacterial diseases","A30-A49","2018","2018","Female","F","Asian","A","45-54 years","45-54",124,1409596,8.8
,"Other bacterial diseases","A30-A49","2018","2018","Female","F","Asian","A","55-64 years","55-64",303,1159181,26.1
,"Other bacterial diseases","A30-A49","2018","2018","Female","F","Asian","A","65-74 years","65-74",538,809806,66.4
,"Other bacterial diseases","A30-A49","2018","2018","Female","F","Asian","A","75-84 years","75-84",714,384226,185.8
,"Other bacterial diseases","A30-A49","2018","2018","Female","F","Asian","A","85+ years","85+",980,173717,564.1
,"Other bacterial diseases","A30-A49","2018","2018","Female","F","Black or African American","2054-5","25-34 years","25-34",222,3461983,6.4
,"Other bacterial diseases","A30-A49","2018","2018","Female","F","Black or African American","2054-5","35-44 years","35-44",537,2975168,18.0
,"Other bacterial diseases","A30-A49","2018","2018","Female","F","Black or African American","2054-5","45-54 years","45-54",1377,2911416,47.3
,"Other bacterial diseases","A30-A49","2018","2018","Female","F","Black or African American","2054-5","55-64 years","55-64",3014,2764586,109.0
,"Other bacterial diseases","A30-A49","2018","2018","Female","F","Black or African American","2054-5","65-74 years","65-74",3748,1750028,214.2
,"Other bacterial diseases","A30-A49","2018","2018","Female","F","Black or African American","2054-5","75-84 years","75-84",3473,832635,417.1
,"Other bacterial diseases","A30-A49","2018","2018","Female","F","Black or African American","2054-5","85+ years","85+",3272,360311,908.1
,"Other bacterial diseases","A30-A49","2018","2018","Female","F","Native Hawaiian or Other Pacific Islander","NHOPI","45-54 years","45-54",18,47357,Unreliable
,"Other bacterial diseases","A30-A49","2018","2018","Female","F","Native Hawaiian or Other Pacific Islander","NHOPI","55-64 years","55-64",31,38704,80.1
,"Other bacterial diseases","A30-A49","2018","2018","Female","F","Native Hawaiian or Other Pacific Islander","NHOPI","65-74 years","65-74",41,22395,183.1
,"Other bacterial diseases","A30-A49","2018","2018","Female","F","Native Hawaiian or Other Pacific Islander","NHOPI","75-84 years","75-84",31,9505,326.1
,"Other bacterial diseases","A30-A49","2018","2018","Female","F","Native Hawaiian or Other Pacific Islander","NHOPI","85+ years","85+",17,3664,Unreliable
,"Other bacterial diseases","A30-A49","2018","2018","Female","F","White","2106-3","25-34 years","25-34",758,16303678,4.6
,"Other bacterial diseases","A30-A49","2018","2018","Female","F","White","2106-3","35-44 years","35-44",1540,15290585,10.1
,"Other bacterial diseases","A30-A49","2018","2018","Female","F","White","2106-3","45-54 years","45-54",4170,16132825,25.8
,"Other bacterial diseases","A30-A49","2018","2018","Female","F","White","2106-3","55-64 years","55-64",10464,17411309,60.1
,"Other bacterial diseases","A30-A49","2018","2018","Female","F","White","2106-3","65-74 years","65-74",17539,13372115,131.2
,"Other bacterial diseases","A30-A49","2018","2018","Female","F","White","2106-3","75-84 years","75-84",21896,7303829,299.8
,"Other bacterial diseases","A30-A49","2018","2018","Female","F","White","2106-3","85+ years","85+",26030,3629712,717.1
,"Other bacterial diseases","A30-A49","2018","2018","Female","F","More than one race","M","35-44 years","35-44",29,458621,6.3
,"Other bacterial diseases","A30-A49","2018","2018","Female","F","More than one race","M","45-54 years","45-54",43,342264,12.6
,"Other bacterial diseases","A30-A49","2018","2018","Female","F","More than one race","M","55-64 years","55-64",77,276837,27.8
,"Other bacterial diseases","A30-A49","2018","2018","Female","F","More than one race","M","65-74 years","65-74",106,161188,65.8
,"Other bacterial diseases","A30-A49","2018","2018","Female","F","More than one race","M","75-84 years","75-84",84,72421,116.0
,"Other bacterial diseases","A30-A49","2018","2018","Female","F","More than one race","M","85+ years","85+",84,29933,280.6
,"Other bacterial diseases","A30-A49","2018","2018","Male","M","American Indian or Alaska Native","1002-5","25-34 years","25-34",30,342800,8.8
,"Other bacterial diseases","A30-A49","2018","2018","Male","M","American Indian or Alaska Native","1002-5","35-44 years","35-44",54,286871,18.8
,"Other bacterial diseases","A30-A49","2018","2018","Male","M","American Indian or Alaska Native","1002-5","45-54 years","45-54",121,250904,48.2
,"Other bacterial diseases","A30-A49","2018","2018","Male","M","American Indian or Alaska Native","1002-5","55-64 years","55-64",200,209040,95.7
,"Other bacterial diseases","A30-A49","2018","2018","Male","M","American Indian or Alaska Native","1002-5","65-74 years","65-74",189,116022,162.9
,"Other bacterial diseases","A30-A49","2018","2018","Male","M","American Indian or Alaska Native","1002-5","75-84 years","75-84",155,44730,346.5
,"Other bacterial diseases","A30-A49","2018","2018","Male","M","American Indian or Alaska Native","1002-5","85+ years","85+",78,12593,619.4
,"Other bacterial diseases","A30-A49","2018","2018","Male","M","Asian","A","25-34 years","25-34",35,1631082,2.1
,"Other bacterial diseases","A30-A49","2018","2018","Male","M","Asian","A","35-44 years","35-44",71,1445225,4.9
,"Other bacterial diseases","A30-A49","2018","2018","Male","M","Asian","A","45-54 years","45-54",184,1229409,15.0
,"Other bacterial diseases","A30-A49","2018","2018","Male","M","Asian","A","55-64 years","55-64",378,962852,39.3
,"Other bacterial diseases","A30-A49","2018","2018","Male","M","Asian","A","65-74 years","65-74",696,635837,109.5
,"Other bacterial diseases","A30-A49","2018","2018","Male","M","Asian","A","75-84 years","75-84",843,298261,282.6
,"Other bacterial diseases","A30-A49","2018","2018","Male","M","Asian","A","85+ years","85+",772,101879,757.8
,"Other bacterial diseases","A30-A49","2018","2018","Male","M","Black or African American","2054-5","25-34 years","25-34",222,3412158,6.5
,"Other bacterial diseases","A30-A49","2018","2018","Male","M","Black or African American","2054-5","35-44 years","35-44",511,2684542,19.0
,"Other bacterial diseases","A30-A49","2018","2018","Male","M","Black or African American","2054-5","45-54 years","45-54",1330,2566124,51.8
,"Other bacterial diseases","A30-A49","2018","2018","Male","M","Black or African American","2054-5","55-64 years","55-64",3264,2335386,139.8
,"Other bacterial diseases","A30-A49","2018","2018","Male","M","Black or African American","2054-5","65-74 years","65-74",4021,1318921,304.9
,"Other bacterial diseases","A30-A49","2018","2018","Male","M","Black or African American","2054-5","75-84 years","75-84",3196,524872,608.9
,"Other bacterial diseases","A30-A49","2018","2018","Male","M","Black or African American","2054-5","85+ years","85+",1753,156764,1118.2
,"Other bacterial diseases","A30-A49","2018","2018","Male","M","Native Hawaiian or Other Pacific Islander","NHOPI","35-44 years","35-44",13,62562,Unreliable
,"Other bacterial diseases","A30-A49","2018","2018","Male","M","Native Hawaiian or Other Pacific Islander","NHOPI","45-54 years","45-54",30,47495,63.2
,"Other bacterial diseases","A30-A49","2018","2018","Male","M","Native Hawaiian or Other Pacific Islander","NHOPI","55-64 years","55-64",30,36671,81.8
,"Other bacterial diseases","A30-A49","2018","2018","Male","M","Native Hawaiian or Other Pacific Islander","NHOPI","65-74 years","65-74",36,20795,173.1
,"Other bacterial diseases","A30-A49","2018","2018","Male","M","Native Hawaiian or Other Pacific Islander","NHOPI","75-84 years","75-84",31,7842,395.3
,"Other bacterial diseases","A30-A49","2018","2018","Male","M","Native Hawaiian or Other Pacific Islander","NHOPI","85+ years","85+",13,2333,Unreliable
,"Other bacterial diseases","A30-A49","2018","2018","Male","M","White","2106-3","25-34 years","25-34",820,17139924,4.8
,"Other bacterial diseases","A30-A49","2018","2018","Male","M","White","2106-3","35-44 years","35-44",1794,15690205,11.4
,"Other bacterial diseases","A30-A49","2018","2018","Male","M","White","2106-3","45-54 years","45-54",4931,16139044,30.6
,"Other bacterial diseases","A30-A49","2018","2018","Male","M","White","2106-3","55-64 years","55-64",13204,16607004,79.5
,"Other bacterial diseases","A30-A49","2018","2018","Male","M","White","2106-3","65-74 years","65-74",20496,12015961,170.6
,"Other bacterial diseases","A30-A49","2018","2018","Male","M","White","2106-3","75-84 years","75-84",22742,5803807,391.8
,"Other bacterial diseases","A30-A49","2018","2018","Male","M","White","2106-3","85+ years","85+",19491,2035102,957.7
,"Other bacterial diseases","A30-A49","2018","2018","Male","M","More than one race","M","25-34 years","25-34",18,611594,Unreliable
,"Other bacterial diseases","A30-A49","2018","2018","Male","M","More than one race","M","35-44 years","35-44",23,418195,5.5
,"Other bacterial diseases","A30-A49","2018","2018","Male","M","More than one race","M","45-54 years","45-54",63,308226,20.4
,"Other bacterial diseases","A30-A49","2018","2018","Male","M","More than one race","M","55-64 years","55-64",96,247910,38.7
,"Other bacterial diseases","A30-A49","2018","2018","Male","M","More than one race","M","65-74 years","65-74",119,138549,85.9
,"Other bacterial diseases","A30-A49","2018","2018","Male","M","More than one race","M","75-84 years","75-84",86,55528,154.9
,"Other bacterial diseases","A30-A49","2018","2018","Male","M","More than one race","M","85+ years","85+",43,17022,252.6
,"Other bacterial diseases","A30-A49","2019","2019","Female","F","American Indian or Alaska Native","1002-5","25-34 years","25-34",24,317279,7.6
,"Other bacterial diseases","A30-A49","2019","2019","Female","F","American Indian or Alaska Native","1002-5","35-44 years","35-44",51,272876,18.7
,"Other bacterial diseases","A30-A49","2019","2019","Female","F","American Indian or Alaska Native","1002-5","45-54 years","45-54",89,245490,36.3
,"Other bacterial diseases","A30-A49","2019","2019","Female","F","American Indian or Alaska Native","1002-5","55-64 years","55-64",186,227860,81.6
,"Other bacterial diseases","A30-A49","2019","2019","Female","F","American Indian or Alaska Native","1002-5","65-74 years","65-74",210,138030,152.1
,"Other bacterial diseases","A30-A49","2019","2019","Female","F","American Indian or Alaska Native","1002-5","75-84 years","75-84",183,60279,303.6
,"Other bacterial diseases","A30-A49","2019","2019","Female","F","American Indian or Alaska Native","1002-5","85+ years","85+",108,22176,487.0
,"Other bacterial diseases","A30-A49","2019","2019","Female","F","Asian","A","25-34 years","25-34",21,1698818,1.2
,"Other bacterial diseases","A30-A49","2019","2019","Female","F","Asian","A","35-44 years","35-44",55,1659577,3.3
,"Other bacterial diseases","A30-A49","2019","2019","Female","F","Asian","A","45-54 years","45-54",118,1429034,8.3
,"Other bacterial diseases","A30-A49","2019","2019","Female","F","Asian","A","55-64 years","55-64",285,1180969,24.1
,"Other bacterial diseases","A30-A49","2019","2019","Female","F","Asian","A","65-74 years","65-74",523,850400,61.5
,"Other bacterial diseases","A30-A49","2019","2019","Female","F","Asian","A","75-84 years","75-84",723,405278,178.4
,"Other bacterial diseases","A30-A49","2019","2019","Female","F","Asian","A","85+ years","85+",1022,184150,555.0
,"Other bacterial diseases","A30-A49","2019","2019","Female","F","Black or African American","2054-5","25-34 years","25-34",238,3515464,6.8
,"Other bacterial diseases","A30-A49","2019","2019","Female","F","Black or African American","2054-5","35-44 years","35-44",502,3006446,16.7
,"Other bacterial diseases","A30-A49","2019","2019","Female","F","Black or African American","2054-5","45-54 years","45-54",1288,2876648,44.8
,"Other bacterial diseases","A30-A49","2019","2019","Female","F","Black or African American","2054-5","55-64 years","55-64",2893,2800859,103.3
,"Other bacterial diseases","A30-A49","2019","2019","Female","F","Black or African American","2054-5","65-74 years","65-74",3651,1835359,198.9
,"Other bacterial diseases","A30-A49","2019","2019","Female","F","Black or African American","2054-5","75-84 years","75-84",3372,867300,388.8
,"Other bacterial diseases","A30-A49","2019","2019","Female","F","Black or African American","2054-5","85+ years","85+",3012,367289,820.1
,"Other bacterial diseases","A30-A49","2019","2019","Female","F","Native Hawaiian or Other Pacific Islander","NHOPI","35-44 years","35-44",10,59643,Unreliable
,"Other bacterial diseases","A30-A49","2019","2019","Female","F","Native Hawaiian or Other Pacific Islander","NHOPI","45-54 years","45-54",28,47757,58.6
,"Other bacterial diseases","A30-A49","2019","2019","Female","F","Native Hawaiian or Other Pacific Islander","NHOPI","55-64 years","55-64",30,40158,74.7
,"Other bacterial diseases","A30-A49","2019","2019","Female","F","Native Hawaiian or Other Pacific Islander","NHOPI","65-74 years","65-74",44,23882,184.2
,"Other bacterial diseases","A30-A49","2019","2019","Female","F","Native Hawaiian or Other Pacific Islander","NHOPI","75-84 years","75-84",30,10153,295.5
,"Other bacterial diseases","A30-A49","2019","2019","Female","F","Native Hawaiian or Other Pacific Islander","NHOPI","85+ years","85+",15,3931,Unreliable
,"Other bacterial diseases","A30-A49","2019","2019","Female","F","White","2106-3","25-34 years","25-34",785,16321230,4.8
,"Other bacterial diseases","A30-A49","2019","2019","Female","F","White","2106-3","35-44 years","35-44",1545,15394774,10.0
,"Other bacterial diseases","A30-A49","2019","2019","Female","F","White","2106-3","45-54 years","45-54",3992,15756904,25.3
,"Other bacterial diseases","A30-A49","2019","2019","Female","F","White","2106-3","55-64 years","55-64",10517,17414888,60.4
,"Other bacterial diseases","A30-A49","2019","2019","Female","F","White","2106-3","65-74 years","65-74",17516,13765649,127.2
,"Other bacterial diseases","A30-A49","2019","2019","Female","F","White","2106-3","75-84 years","75-84",21507,7551472,284.8
,"Other bacterial diseases","A30-A49","2019","2019","Female","F","White","2106-3","85+ years","85+",24101,3619254,665.9
,"Other bacterial diseases","A30-A49","2019","2019","Female","F","More than one race","M","35-44 years","35-44",26,473748,5.5
,"Other bacterial diseases","A30-A49","2019","2019","Female","F","More than one race","M","45-54 years","45-54",41,347103,11.8
,"Other bacterial diseases","A30-A49","2019","2019","Female","F","More than one race","M","55-64 years","55-64",78,284584,27.4
,"Other bacterial diseases","A30-A49","2019","2019","Female","F","More than one race","M","65-74 years","65-74",134,170534,78.6
,"Other bacterial diseases","A30-A49","2019","2019","Female","F","More than one race","M","75-84 years","75-84",83,77167,107.6
,"Other bacterial diseases","A30-A49","2019","2019","Female","F","More than one race","M","85+ years","85+",70,31670,221.0
,"Other bacterial diseases","A30-A49","2019","2019","Male","M","American Indian or Alaska Native","1002-5","25-34 years","25-34",37,344901,10.7
,"Other bacterial diseases","A30-A49","2019","2019","Male","M","American Indian or Alaska Native","1002-5","35-44 years","35-44",59,290505,20.3
,"Other bacterial diseases","A30-A49","2019","2019","Male","M","American Indian or Alaska Native","1002-5","45-54 years","45-54",119,250285,47.5
,"Other bacterial diseases","A30-A49","2019","2019","Male","M","American Indian or Alaska Native","1002-5","55-64 years","55-64",168,214611,78.3
,"Other bacterial diseases","A30-A49","2019","2019","Male","M","American Indian or Alaska Native","1002-5","65-74 years","65-74",197,122177,161.2
,"Other bacterial diseases","A30-A49","2019","2019","Male","M","American Indian or Alaska Native","1002-5","75-84 years","75-84",145,47808,303.3
,"Other bacterial diseases","A30-A49","2019","2019","Male","M","American Indian or Alaska Native","1002-5","85+ years","85+",78,13205,590.7
,"Other bacterial diseases","A30-A49","2019","2019","Male","M","Asian","A","25-34 years","25-34",32,1635538,2.0
,"Other bacterial diseases","A30-A49","2019","2019","Male","M","Asian","A","35-44 years","35-44",67,1472116,4.6
,"Other bacterial diseases","A30-A49","2019","2019","Male","M","Asian","A","45-54 years","45-54",165,1249824,13.2
,"Other bacterial diseases","A30-A49","2019","2019","Male","M","Asian","A","55-64 years","55-64",375,985079,38.1
,"Other bacterial diseases","A30-A49","2019","2019","Male","M","Asian","A","65-74 years","65-74",656,665448,98.6
,"Other bacterial diseases","A30-A49","2019","2019","Male","M","Asian","A","75-84 years","75-84",841,314268,267.6
,"Other bacterial diseases","A30-A49","2019","2019","Male","M","Asian","A","85+ years","85+",770,109926,700.5
,"Other bacterial diseases","A30-A49","2019","2019","Male","M","Black or African American","2054-5","25-34 years","25-34",235,3492900,6.7
,"Other bacterial diseases","A30-A49","2019","2019","Male","M","Black or African American","2054-5","35-44 years","35-44",510,2723729,18.7
,"Other bacterial diseases","A30-A49","2019","2019","Male","M","Black or African American","2054-5","45-54 years","45-54",1273,2529998,50.3
,"Other bacterial diseases","A30-A49","2019","2019","Male","M","Black or African American","2054-5","55-64 years","55-64",3205,2369016,135.3
,"Other bacterial diseases","A30-A49","2019","2019","Male","M","Black or African American","2054-5","65-74 years","65-74",4014,1380913,290.7
,"Other bacterial diseases","A30-A49","2019","2019","Male","M","Black or African American","2054-5","75-84 years","75-84",3182,549833,578.7
,"Other bacterial diseases","A30-A49","2019","2019","Male","M","Black or African American","2054-5","85+ years","85+",1765,161831,1090.6
,"Other bacterial diseases","A30-A49","2019","2019","Male","M","Native Hawaiian or Other Pacific Islander","NHOPI","25-34 years","25-34",14,73311,Unreliable
,"Other bacterial diseases","A30-A49","2019","2019","Male","M","Native Hawaiian or Other Pacific Islander","NHOPI","35-44 years","35-44",13,64671,Unreliable
,"Other bacterial diseases","A30-A49","2019","2019","Male","M","Native Hawaiian or Other Pacific Islander","NHOPI","45-54 years","45-54",23,48363,47.6
,"Other bacterial diseases","A30-A49","2019","2019","Male","M","Native Hawaiian or Other Pacific Islander","NHOPI","55-64 years","55-64",43,38240,112.4
,"Other bacterial diseases","A30-A49","2019","2019","Male","M","Native Hawaiian or Other Pacific Islander","NHOPI","65-74 years","65-74",51,21919,232.7
,"Other bacterial diseases","A30-A49","2019","2019","Male","M","Native Hawaiian or Other Pacific Islander","NHOPI","75-84 years","75-84",26,8472,306.9
,"Other bacterial diseases","A30-A49","2019","2019","Male","M","Native Hawaiian or Other Pacific Islander","NHOPI","85+ years","85+",12,2574,Unreliable
,"Other bacterial diseases","A30-A49","2019","2019","Male","M","White","2106-3","25-34 years","25-34",867,17169835,5.0
,"Other bacterial diseases","A30-A49","2019","2019","Male","M","White","2106-3","35-44 years","35-44",1825,15809201,11.5
,"Other bacterial diseases","A30-A49","2019","2019","Male","M","White","2106-3","45-54 years","45-54",4729,15781686,30.0
,"Other bacterial diseases","A30-A49","2019","2019","Male","M","White","2106-3","55-64 years","55-64",12874,16638173,77.4
,"Other bacterial diseases","A30-A49","2019","2019","Male","M","White","2106-3","65-74 years","65-74",20360,12362274,164.7
,"Other bacterial diseases","A30-A49","2019","2019","Male","M","White","2106-3","75-84 years","75-84",22817,6018458,379.1
,"Other bacterial diseases","A30-A49","2019","2019","Male","M","White","2106-3","85+ years","85+",18529,2070601,894.9
,"Other bacterial diseases","A30-A49","2019","2019","Male","M","More than one race","M","25-34 years","25-34",20,642695,3.1
,"Other bacterial diseases","A30-A49","2019","2019","Male","M","More than one race","M","35-44 years","35-44",31,431858,7.2
,"Other bacterial diseases","A30-A49","2019","2019","Male","M","More than one race","M","45-54 years","45-54",46,311810,14.8
,"Other bacterial diseases","A30-A49","2019","2019","Male","M","More than one race","M","55-64 years","55-64",104,254100,40.9
,"Other bacterial diseases","A30-A49","2019","2019","Male","M","More than one race","M","65-74 years","65-74",92,146848,62.6
,"Other bacterial diseases","A30-A49","2019","2019","Male","M","More than one race","M","75-84 years","75-84",81,59384,136.4
,"Other bacterial diseases","A30-A49","2019","2019","Male","M","More than one race","M","85+ years","85+",54,18351,294.3
,"Other bacterial diseases","A30-A49","2020","2020","Female","F","American Indian or Alaska Native","1002-5","25-34 years","25-34",51,320490,15.9
,"Other bacterial diseases","A30-A49","2020","2020","Female","F","American Indian or Alaska Native","1002-5","35-44 years","35-44",74,276495,26.8
,"Other bacterial diseases","A30-A49","2020","2020","Female","F","American Indian or Alaska Native","1002-5","45-54 years","45-54",138,244956,56.3
,"Other bacterial diseases","A30-A49","2020","2020","Female","F","American Indian or Alaska Native","1002-5","55-64 years","55-64",261,231588,112.7
,"Other bacterial diseases","A30-A49","2020","2020","Female","F","American Indian or Alaska Native","1002-5","65-74 years","65-74",308,146082,210.8
,"Other bacterial diseases","A30-A49","2020","2020","Female","F","American Indian or Alaska Native","1002-5","75-84 years","75-84",204,63709,320.2
,"Other bacterial diseases","A30-A49","2020","2020","Female","F","American Indian or Alaska Native","1002-5","85+ years","85+",119,23614,503.9
,"Other bacterial diseases","A30-A49","2020","2020","Female","F","Asian","A","25-34 years","25-34",28,1681390,1.7
,"Other bacterial diseases","A30-A49","2020","2020","Female","F","Asian","A","35-44 years","35-44",70,1682217,4.2
,"Other bacterial diseases","A30-A49","2020","2020","Female","F","Asian","A","45-54 years","45-54",180,1457277,12.4
,"Other bacterial diseases","A30-A49","2020","2020","Female","F","Asian","A","55-64 years","55-64",386,1192784,32.4
,"Other bacterial diseases","A30-A49","2020","2020","Female","F","Asian","A","65-74 years","65-74",733,890821,82.3
,"Other bacterial diseases","A30-A49","2020","2020","Female","F","Asian","A","75-84 years","75-84",867,427872,202.6
,"Other bacterial diseases","A30-A49","2020","2020","Female","F","Asian","A","85+ years","85+",1166,194827,598.5
,"Other bacterial diseases","A30-A49","2020","2020","Female","F","Black or African American","2054-5","25-34 years","25-34",286,3546510,8.1
,"Other bacterial diseases","A30-A49","2020","2020","Female","F","Black or African American","2054-5","35-44 years","35-44",675,3046227,22.2
,"Other bacterial diseases","A30-A49","2020","2020","Female","F","Black or African American","2054-5","45-54 years","45-54",1595,2850662,56.0
,"Other bacterial diseases","A30-A49","2020","2020","Female","F","Black or African American","2054-5","55-64 years","55-64",3686,2824910,130.5
,"Other bacterial diseases","A30-A49","2020","2020","Female","F","Black or African American","2054-5","65-74 years","65-74",4953,1923090,257.6
,"Other bacterial diseases","A30-A49","2020","2020","Female","F","Black or African American","2054-5","75-84 years","75-84",4520,896629,504.1
,"Other bacterial diseases","A30-A49","2020","2020","Female","F","Black or African American","2054-5","85+ years","85+",3622,376151,962.9
,"Other bacterial diseases","A30-A49","2020","2020","Female","F","Native Hawaiian or Other Pacific Islander","NHOPI","35-44 years","35-44",11,61349,Unreliable
,"Other bacterial diseases","A30-A49","2020","2020","Female","F","Native Hawaiian or Other Pacific Islander","NHOPI","45-54 years","45-54",29,48351,60.0
,"Other bacterial diseases","A30-A49","2020","2020","Female","F","Native Hawaiian or Other Pacific Islander","NHOPI","55-64 years","55-64",56,41200,135.9
,"Other bacterial diseases","A30-A49","2020","2020","Female","F","Native Hawaiian or Other Pacific Islander","NHOPI","65-74 years","65-74",59,25379,232.5
,"Other bacterial diseases","A30-A49","2020","2020","Female","F","Native Hawaiian or Other Pacific Islander","NHOPI","75-84 years","75-84",44,10980,400.7
,"Other bacterial diseases","A30-A49","2020","2020","Female","F","Native Hawaiian or Other Pacific Islander","NHOPI","85+ years","85+",22,4216,521.8
,"Other bacterial diseases","A30-A49","2020","2020","Female","F","White","2106-3","25-34 years","25-34",896,16321512,5.5
,"Other bacterial diseases","A30-A49","2020","2020","Female","F","White","2106-3","35-44 years","35-44",1997,15533913,12.9
,"Other bacterial diseases","A30-A49","2020","2020","Female","F","White","2106-3","45-54 years","45-54",4931,15486493,31.8
,"Other bacterial diseases","A30-A49","2020","2020","Female","F","White","2106-3","55-64 years","55-64",12605,17332858,72.7
,"Other bacterial diseases","A30-A49","2020","2020","Female","F","White","2106-3","65-74 years","65-74",21242,14199413,149.6
,"Other bacterial diseases","A30-A49","2020","2020","Female","F","White","2106-3","75-84 years","75-84",24326,7747481,314.0
,"Other bacterial diseases","A30-A49","2020","2020","Female","F","White","2106-3","85+ years","85+",25592,3611728,708.6
,"Other bacterial diseases","A30-A49","2020","2020","Female","F","More than one race","M","25-34 years","25-34",18,688201,Unreliable
,"Other bacterial diseases","A30-A49","2020","2020","Female","F","More than one race","M","35-44 years","35-44",39,490123,8.0
,"Other bacterial diseases","A30-A49","2020","2020","Female","F","More than one race","M","45-54 years","45-54",66,353702,18.7
,"Other bacterial diseases","A30-A49","2020","2020","Female","F","More than one race","M","55-64 years","55-64",112,290903,38.5
,"Other bacterial diseases","A30-A49","2020","2020","Female","F","More than one race","M","65-74 years","65-74",156,181073,86.2
,"Other bacterial diseases","A30-A49","2020","2020","Female","F","More than one race","M","75-84 years","75-84",124,81601,152.0
,"Other bacterial diseases","A30-A49","2020","2020","Female","F","More than one race","M","85+ years","85+",87,33191,262.1
,"Other bacterial diseases","A30-A49","2020","2020","Male","M","American Indian or Alaska Native","1002-5","25-34 years","25-34",54,346136,15.6
,"Other bacterial diseases","A30-A49","2020","2020","Male","M","American Indian or Alaska Native","1002-5","35-44 years","35-44",109,294777,37.0
,"Other bacterial diseases","A30-A49","2020","2020","Male","M","American Indian or Alaska Native","1002-5","45-54 years","45-54",168,250264,67.1
,"Other bacterial diseases","A30-A49","2020","2020","Male","M","American Indian or Alaska Native","1002-5","55-64 years","55-64",276,218305,126.4
,"Other bacterial diseases","A30-A49","2020","2020","Male","M","American Indian or Alaska Native","1002-5","65-74 years","65-74",301,128942,233.4
,"Other bacterial diseases","A30-A49","2020","2020","Male","M","American Indian or Alaska Native","1002-5","75-84 years","75-84",194,50759,382.2
,"Other bacterial diseases","A30-A49","2020","2020","Male","M","American Indian or Alaska Native","1002-5","85+ years","85+",98,14245,688.0
,"Other bacterial diseases","A30-A49","2020","2020","Male","M","Asian","A","25-34 years","25-34",36,1633042,2.2
,"Other bacterial diseases","A30-A49","2020","2020","Male","M","Asian","A","35-44 years","35-44",114,1499394,7.6
,"Other bacterial diseases","A30-A49","2020","2020","Male","M","Asian","A","45-54 years","45-54",234,1274229,18.4
,"Other bacterial diseases","A30-A49","2020","2020","Male","M","Asian","A","55-64 years","55-64",639,1002002,63.8
,"Other bacterial diseases","A30-A49","2020","2020","Male","M","Asian","A","65-74 years","65-74",1024,695521,147.2
,"Other bacterial diseases","A30-A49","2020","2020","Male","M","Asian","A","75-84 years","75-84",1162,331575,350.4
,"Other bacterial diseases","A30-A49","2020","2020","Male","M","Asian","A","85+ years","85+",942,118062,797.9
,"Other bacterial diseases","A30-A49","2020","2020","Male","M","Black or African American","2054-5","25-34 years","25-34",275,3548328,7.8
,"Other bacterial diseases","A30-A49","2020","2020","Male","M","Black or African American","2054-5","35-44 years","35-44",681,2773914,24.6
,"Other bacterial diseases","A30-A49","2020","2020","Male","M","Black or African American","2054-5","45-54 years","45-54",1740,2502927,69.5
,"Other bacterial diseases","A30-A49","2020","2020","Male","M","Black or African American","2054-5","55-64 years","55-64",4200,2391246,175.6
,"Other bacterial diseases","A30-A49","2020","2020","Male","M","Black or African American","2054-5","65-74 years","65-74",5551,1446770,383.7
,"Other bacterial diseases","A30-A49","2020","2020","Male","M","Black or African American","2054-5","75-84 years","75-84",4210,569933,738.7
,"Other bacterial diseases","A30-A49","2020","2020","Male","M","Black or African American","2054-5","85+ years","85+",2237,167252,1337.5
,"Other bacterial diseases","A30-A49","2020","2020","Male","M","Native Hawaiian or Other Pacific Islander","NHOPI","25-34 years","25-34",10,73269,Unreliable
,"Other bacterial diseases","A30-A49","2020","2020","Male","M","Native Hawaiian or Other Pacific Islander","NHOPI","35-44 years","35-44",21,66704,31.5
,"Other bacterial diseases","A30-A49","2020","2020","Male","M","Native Hawaiian or Other Pacific Islander","NHOPI","45-54 years","45-54",42,49447,84.9
,"Other bacterial diseases","A30-A49","2020","2020","Male","M","Native Hawaiian or Other Pacific Islander","NHOPI","55-64 years","55-64",61,39729,153.5
,"Other bacterial diseases","A30-A49","2020","2020","Male","M","Native Hawaiian or Other Pacific Islander","NHOPI","65-74 years","65-74",66,23148,285.1
,"Other bacterial diseases","A30-A49","2020","2020","Male","M","Native Hawaiian or Other Pacific Islander","NHOPI","75-84 years","75-84",29,9124,317.8
,"Other bacterial diseases","A30-A49","2020","2020","Male","M","Native Hawaiian or Other Pacific Islander","NHOPI","85+ years","85+",25,2804,891.6
,"Other bacterial diseases","A30-A49","2020","2020","Male","M","White","2106-3","25-34 years","25-34",995,17168451,5.8
,"Other bacterial diseases","A30-A49","2020","2020","Male","M","White","2106-3","35-44 years","35-44",2514,15964132,15.7
,"Other bacterial diseases","A30-A49","2020","2020","Male","M","White","2106-3","45-54 years","45-54",6321,15530076,40.7
,"Other bacterial diseases","A30-A49","2020","2020","Male","M","White","2106-3","55-64 years","55-64",16215,16579452,97.8
,"Other bacterial diseases","A30-A49","2020","2020","Male","M","White","2106-3","65-74 years","65-74",26077,12733573,204.8
,"Other bacterial diseases","A30-A49","2020","2020","Male","M","White","2106-3","75-84 years","75-84",27189,6198581,438.6
,"Other bacterial diseases","A30-A49","2020","2020","Male","M","White","2106-3","85+ years","85+",19990,2092795,955.2
,"Other bacterial diseases","A30-A49","2020","2020","Male","M","More than one race","M","25-34 years","25-34",26,675153,3.9
,"Other bacterial diseases","A30-A49","2020","2020","Male","M","More than one race","M","35-44 years","35-44",30,446947,6.7
,"Other bacterial diseases","A30-A49","2020","2020","Male","M","More than one race","M","45-54 years","45-54",68,317749,21.4
,"Other bacterial diseases","A30-A49","2020","2020","Male","M","More than one race","M","55-64 years","55-64",113,258700,43.7
,"Other bacterial diseases","A30-A49","2020","2020","Male","M","More than one race","M","65-74 years","65-74",153,155586,98.3
,"Other bacterial diseases","A30-A49","2020","2020","Male","M","More than one race","M","75-84 years","75-84",132,63303,208.5
,"Other bacterial diseases","A30-A49","2020","2020","Male","M","More than one race","M","85+ years","85+",57,19535,291.8
,"Other bacterial diseases","A30-A49","2021","2021","Female","F","American Indian or Alaska Native","1002-5","25-34 years","25-34",52,320188,16.2
,"Other bacterial diseases","A30-A49","2021","2021","Female","F","American Indian or Alaska Native","1002-5","35-44 years","35-44",85,282463,30.1
,"Other bacterial diseases","A30-A49","2021","2021","Female","F","American Indian or Alaska Native","1002-5","45-54 years","45-54",179,246317,72.7
,"Other bacterial diseases","A30-A49","2021","2021","Female","F","American Indian or Alaska Native","1002-5","55-64 years","55-64",285,233600,122.0
,"Other bacterial diseases","A30-A49","2021","2021","Female","F","American Indian or Alaska Native","1002-5","65-74 years","65-74",316,153520,205.8
,"Other bacterial diseases","A30-A49","2021","2021","Female","F","American Indian or Alaska Native","1002-5","75-84 years","75-84",215,65081,330.4
,"Other bacterial diseases","A30-A49","2021","2021","Female","F","American Indian or Alaska Native","1002-5","85+ years","85+",119,23031,516.7
,"Other bacterial diseases","A30-A49","2021","2021","Female","F","Asian","A","25-34 years","25-34",44,1651036,2.7
,"Other bacterial diseases","A30-A49","2021","2021","Female","F","Asian","A","35-44 years","35-44",75,1722487,4.4
,"Other bacterial diseases","A30-A49","2021","2021","Female","F","Asian","A","45-54 years","45-54",185,1495701,12.4
,"Other bacterial diseases","A30-A49","2021","2021","Female","F","Asian","A","55-64 years","55-64",425,1212373,35.1
,"Other bacterial diseases","A30-A49","2021","2021","Female","F","Asian","A","65-74 years","65-74",824,925664,89.0
,"Other bacterial diseases","A30-A49","2021","2021","Female","F","Asian","A","75-84 years","75-84",980,433415,226.1
,"Other bacterial diseases","A30-A49","2021","2021","Female","F","Asian","A","85+ years","85+",1108,186873,592.9
,"Other bacterial diseases","A30-A49","2021","2021","Female","F","Black or African American","2054-5","25-34 years","25-34",357,3529649,10.1
,"Other bacterial diseases","A30-A49","2021","2021","Female","F","Black or African American","2054-5","35-44 years","35-44",885,3119548,28.4
,"Other bacterial diseases","A30-A49","2021","2021","Female","F","Black or African American","2054-5","45-54 years","45-54",1813,2844994,63.7
,"Other bacterial diseases","A30-A49","2021","2021","Female","F","Black or African American","2054-5","55-64 years","55-64",4010,2839733,141.2
,"Other bacterial diseases","A30-A49","2021","2021","Female","F","Black or African American","2054-5","65-74 years","65-74",5516,1997072,276.2
,"Other bacterial diseases","A30-A49","2021","2021","Female","F","Black or African American","2054-5","75-84 years","75-84",4541,881795,515.0
,"Other bacterial diseases","A30-A49","2021","2021","Female","F","Black or African American","2054-5","85+ years","85+",3386,345574,979.8
,"Other bacterial diseases","A30-A49","2021","2021","Female","F","Native Hawaiian or Other Pacific Islander","NHOPI","35-44 years","35-44",31,63488,48.8
,"Other bacterial diseases","A30-A49","2021","2021","Female","F","Native Hawaiian or Other Pacific Islander","NHOPI","45-54 years","45-54",34,49395,68.8
,"Other bacterial diseases","A30-A49","2021","2021","Female","F","Native Hawaiian or Other Pacific Islander","NHOPI","55-64 years","55-64",68,42383,160.4
,"Other bacterial diseases","A30-A49","2021","2021","Female","F","Native Hawaiian or Other Pacific Islander","NHOPI","65-74 years","65-74",59,26846,219.8
,"Other bacterial diseases","A30-A49","2021","2021","Female","F","Native Hawaiian or Other Pacific Islander","NHOPI","75-84 years","75-84",31,11503,269.5
,"Other bacterial diseases","A30-A49","2021","2021","Female","F","Native Hawaiian or Other Pacific Islander","NHOPI","85+ years","85+",19,4177,Unreliable
,"Other bacterial diseases","A30-A49","2021","2021","Female","F","White","2106-3","25-34 years","25-34",1003,16163545,6.2
,"Other bacterial diseases","A30-A49","2021","2021","Female","F","White","2106-3","35-44 years","35-44",2566,15849465,16.2
,"Other bacterial diseases","A30-A49","2021","2021","Female","F","White","2106-3","45-54 years","45-54",5759,15375564,37.5
,"Other bacterial diseases","A30-A49","2021","2021","Female","F","White","2106-3","55-64 years","55-64",14611,17215418,84.9
,"Other bacterial diseases","A30-A49","2021","2021","Female","F","White","2106-3","65-74 years","65-74",23901,14502206,164.8
,"Other bacterial diseases","A30-A49","2021","2021","Female","F","White","2106-3","75-84 years","75-84",25686,7560894,339.7
,"Other bacterial diseases","A30-A49","2021","2021","Female","F","White","2106-3","85+ years","85+",23972,3207653,747.3
,"Other bacterial diseases","A30-A49","2021","2021","Female","F","More than one race","M","25-34 years","25-34",24,710914,3.4
,"Other bacterial diseases","A30-A49","2021","2021","Female","F","More than one race","M","35-44 years","35-44",54,508790,10.6
,"Other bacterial diseases","A30-A49","2021","2021","Female","F","More than one race","M","45-54 years","45-54",60,364506,16.5
,"Other bacterial diseases","A30-A49","2021","2021","Female","F","More than one race","M","55-64 years","55-64",118,296239,39.8
,"Other bacterial diseases","A30-A49","2021","2021","Female","F","More than one race","M","65-74 years","65-74",166,191728,86.6
,"Other bacterial diseases","A30-A49","2021","2021","Female","F","More than one race","M","75-84 years","75-84",159,84873,187.3
,"Other bacterial diseases","A30-A49","2021","2021","Female","F","More than one race","M","85+ years","85+",102,32505,313.8
,"Other bacterial diseases","A30-A49","2021","2021","Male","M","American Indian or Alaska Native","1002-5","25-34 years","25-34",63,341165,18.5
,"Other bacterial diseases","A30-A49","2021","2021","Male","M","American Indian or Alaska Native","1002-5","35-44 years","35-44",132,305904,43.2
,"Other bacterial diseases","A30-A49","2021","2021","Male","M","American Indian or Alaska Native","1002-5","45-54 years","45-54",211,257502,81.9
,"Other bacterial diseases","A30-A49","2021","2021","Male","M","American Indian or Alaska Native","1002-5","55-64 years","55-64",311,226284,137.4
,"Other bacterial diseases","A30-A49","2021","2021","Male","M","American Indian or Alaska Native","1002-5","65-74 years","65-74",301,137092,219.6
,"Other bacterial diseases","A30-A49","2021","2021","Male","M","American Indian or Alaska Native","1002-5","75-84 years","75-84",188,52698,356.7
,"Other bacterial diseases","A30-A49","2021","2021","Male","M","American Indian or Alaska Native","1002-5","85+ years","85+",75,14090,532.3
,"Other bacterial diseases","A30-A49","2021","2021","Male","M","Asian","A","25-34 years","25-34",50,1597991,3.1
,"Other bacterial diseases","A30-A49","2021","2021","Male","M","Asian","A","35-44 years","35-44",143,1567113,9.1
,"Other bacterial diseases","A30-A49","2021","2021","Male","M","Asian","A","45-54 years","45-54",302,1335923,22.6
,"Other bacterial diseases","A30-A49","2021","2021","Male","M","Asian","A","55-64 years","55-64",652,1048245,62.2
,"Other bacterial diseases","A30-A49","2021","2021","Male","M","Asian","A","65-74 years","65-74",1158,737619,157.0
,"Other bacterial diseases","A30-A49","2021","2021","Male","M","Asian","A","75-84 years","75-84",1215,339262,358.1
,"Other bacterial diseases","A30-A49","2021","2021","Male","M","Asian","A","85+ years","85+",917,114455,801.2
,"Other bacterial diseases","A30-A49","2021","2021","Male","M","Black or African American","2054-5","25-34 years","25-34",349,3512412,9.9
,"Other bacterial diseases","A30-A49","2021","2021","Male","M","Black or African American","2054-5","35-44 years","35-44",863,2895495,29.8
,"Other bacterial diseases","A30-A49","2021","2021","Male","M","Black or African American","2054-5","45-54 years","45-54",1940,2551513,76.0
,"Other bacterial diseases","A30-A49","2021","2021","Male","M","Black or African American","2054-5","55-64 years","55-64",4382,2464580,177.8
,"Other bacterial diseases","A30-A49","2021","2021","Male","M","Black or African American","2054-5","65-74 years","65-74",5856,1535044,381.5
,"Other bacterial diseases","A30-A49","2021","2021","Male","M","Black or African American","2054-5","75-84 years","75-84",3935,568239,692.5
,"Other bacterial diseases","A30-A49","2021","2021","Male","M","Black or African American","2054-5","85+ years","85+",2074,154714,1340.5
,"Other bacterial diseases","A30-A49","2021","2021","Male","M","Native Hawaiian or Other Pacific Islander","NHOPI","25-34 years","25-34",15,71491,Unreliable
,"Other bacterial diseases","A30-A49","2021","2021","Male","M","Native Hawaiian or Other Pacific Islander","NHOPI","35-44 years","35-44",27,70110,38.5
,"Other bacterial diseases","A30-A49","2021","2021","Male","M","Native Hawaiian or Other Pacific Islander","NHOPI","45-54 years","45-54",53,51429,103.1
,"Other bacterial diseases","A30-A49","2021","2021","Male","M","Native Hawaiian or Other Pacific Islander","NHOPI","55-64 years","55-64",66,41721,158.2
,"Other bacterial diseases","A30-A49","2021","2021","Male","M","Native Hawaiian or Other Pacific Islander","NHOPI","65-74 years","65-74",72,24632,292.3
,"Other bacterial diseases","A30-A49","2021","2021","Male","M","Native Hawaiian or Other Pacific Islander","NHOPI","75-84 years","75-84",41,9823,417.4
,"Other bacterial diseases","A30-A49","2021","2021","Male","M","Native Hawaiian or Other Pacific Islander","NHOPI","85+ years","85+",14,2805,Unreliable
,"Other bacterial diseases","A30-A49","2021","2021","Male","M","White","2106-3","25-34 years","25-34",1250,16832245,7.4
,"Other bacterial diseases","A30-A49","2021","2021","Male","M","White","2106-3","35-44 years","35-44",3524,16549888,21.3
,"Other bacterial diseases","A30-A49","2021","2021","Male","M","White","2106-3","45-54 years","45-54",7890,15783434,50.0
,"Other bacterial diseases","A30-A49","2021","2021","Male","M","White","2106-3","55-64 years","55-64",19287,16915836,114.0
,"Other bacterial diseases","A30-A49","2021","2021","Male","M","White","2106-3","65-74 years","65-74",29370,13268502,221.4
,"Other bacterial diseases","A30-A49","2021","2021","Male","M","White","2106-3","75-84 years","75-84",28727,6131986,468.5
,"Other bacterial diseases","A30-A49","2021","2021","Male","M","White","2106-3","85+ years","85+",19430,1870291,1038.9
,"Other bacterial diseases","A30-A49","2021","2021","Male","M","More than one race","M","25-34 years","25-34",32,698058,4.6
,"Other bacterial diseases","A30-A49","2021","2021","Male","M","More than one race","M","35-44 years","35-44",43,469103,9.2
,"Other bacterial diseases","A30-A49","2021","2021","Male","M","More than one race","M","45-54 years","45-54",104,332158,31.3
,"Other bacterial diseases","A30-A49","2021","2021","Male","M","More than one race","M","55-64 years","55-64",172,266652,64.5
,"Other bacterial diseases","A30-A49","2021","2021","Male","M","More than one race","M","65-74 years","65-74",168,166197,101.1
,"Other bacterial diseases","A30-A49","2021","2021","Male","M","More than one race","M","75-84 years","75-84",109,66506,163.9
,"Other bacterial diseases","A30-A49","2021","2021","Male","M","More than one race","M","85+ years","85+",71,19588,362.5
,"Other bacterial diseases","A30-A49","2022","2022","Female","F","American Indian or Alaska Native","1002-5","25-34 years","25-34",53,318567,16.6
,"Other bacterial diseases","A30-A49","2022","2022","Female","F","American Indian or Alaska Native","1002-5","35-44 years","35-44",91,281327,32.3
,"Other bacterial diseases","A30-A49","2022","2022","Female","F","American Indian or Alaska Native","1002-5","45-54 years","45-54",145,243943,59.4
,"Other bacterial diseases","A30-A49","2022","2022","Female","F","American Indian or Alaska Native","1002-5","55-64 years","55-64",243,229957,105.7
,"Other bacterial diseases","A30-A49","2022","2022","Female","F","American Indian or Alaska Native","1002-5","65-74 years","65-74",320,157955,202.6
,"Other bacterial diseases","A30-A49","2022","2022","Female","F","American Indian or Alaska Native","1002-5","75-84 years","75-84",259,70944,365.1
,"Other bacterial diseases","A30-A49","2022","2022","Female","F","American Indian or Alaska Native","1002-5","85+ years","85+",124,26554,467.0
,"Other bacterial diseases","A30-A49","2022","2022","Female","F","Asian","A","25-34 years","25-34",29,1671722,1.7
,"Other bacterial diseases","A30-A49","2022","2022","Female","F","Asian","A","35-44 years","35-44",84,1761618,4.8
,"Other bacterial diseases","A30-A49","2022","2022","Female","F","Asian","A","45-54 years","45-54",186,1535078,12.1
,"Other bacterial diseases","A30-A49","2022","2022","Female","F","Asian","A","55-64 years","55-64",344,1228954,28.0
,"Other bacterial diseases","A30-A49","2022","2022","Female","F","Asian","A","65-74 years","65-74",743,958031,77.6
,"Other bacterial diseases","A30-A49","2022","2022","Female","F","Asian","A","75-84 years","75-84",1025,473397,216.5
,"Other bacterial diseases","A30-A49","2022","2022","Female","F","Asian","A","85+ years","85+",1153,213119,541.0
,"Other bacterial diseases","A30-A49","2022","2022","Female","F","Black or African American","2054-5","25-34 years","25-34",291,3523463,8.3
,"Other bacterial diseases","A30-A49","2022","2022","Female","F","Black or African American","2054-5","35-44 years","35-44",694,3141280,22.1
,"Other bacterial diseases","A30-A49","2022","2022","Female","F","Black or African American","2054-5","45-54 years","45-54",1528,2832024,54.0
,"Other bacterial diseases","A30-A49","2022","2022","Female","F","Black or African American","2054-5","55-64 years","55-64",3438,2807115,122.5
,"Other bacterial diseases","A30-A49","2022","2022","Female","F","Black or African American","2054-5","65-74 years","65-74",5137,2045389,251.2
,"Other bacterial diseases","A30-A49","2022","2022","Female","F","Black or African American","2054-5","75-84 years","75-84",4306,938959,458.6
,"Other bacterial diseases","A30-A49","2022","2022","Female","F","Black or African American","2054-5","85+ years","85+",3393,372024,912.0
,"Other bacterial diseases","A30-A49","2022","2022","Female","F","Native Hawaiian or Other Pacific Islander","NHOPI","35-44 years","35-44",13,64550,Unreliable
,"Other bacterial diseases","A30-A49","2022","2022","Female","F","Native Hawaiian or Other Pacific Islander","NHOPI","45-54 years","45-54",31,50236,61.7
,"Other bacterial diseases","A30-A49","2022","2022","Female","F","Native Hawaiian or Other Pacific Islander","NHOPI","55-64 years","55-64",63,43152,146.0
,"Other bacterial diseases","A30-A49","2022","2022","Female","F","Native Hawaiian or Other Pacific Islander","NHOPI","65-74 years","65-74",64,28347,225.8
,"Other bacterial diseases","A30-A49","2022","2022","Female","F","Native Hawaiian or Other Pacific Islander","NHOPI","75-84 years","75-84",43,12554,342.5
,"Other bacterial diseases","A30-A49","2022","2022","Female","F","Native Hawaiian or Other Pacific Islander","NHOPI","85+ years","85+",16,4784,Unreliable
,"Other bacterial diseases","A30-A49","2022","2022","Female","F","White","2106-3","25-34 years","25-34",852,15996405,5.3
,"Other bacterial diseases","A30-A49","2022","2022","Female","F","White","2106-3","35-44 years","35-44",2030,15802633,12.8
,"Other bacterial diseases","A30-A49","2022","2022","Female","F","White","2106-3","45-54 years","45-54",4888,15113753,32.3
,"Other bacterial diseases","A30-A49","2022","2022","Female","F","White","2106-3","55-64 years","55-64",12821,16804292,76.3
,"Other bacterial diseases","A30-A49","2022","2022","Female","F","White","2106-3","65-74 years","65-74",22558,14486575,155.7
,"Other bacterial diseases","A30-A49","2022","2022","Female","F","White","2106-3","75-84 years","75-84",26463,8194713,322.9
,"Other bacterial diseases","A30-A49","2022","2022","Female","F","White","2106-3","85+ years","85+",24040,3547605,677.6
,"Other bacterial diseases","A30-A49","2022","2022","Female","F","More than one race","M","25-34 years","25-34",23,735807,3.1
,"Other bacterial diseases","A30-A49","2022","2022","Female","F","More than one race","M","35-44 years","35-44",34,523768,6.5
,"Other bacterial diseases","A30-A49","2022","2022","Female","F","More than one race","M","45-54 years","45-54",61,376981,16.2
,"Other bacterial diseases","A30-A49","2022","2022","Female","F","More than one race","M","55-64 years","55-64",110,300064,36.7
,"Other bacterial diseases","A30-A49","2022","2022","Female","F","More than one race","M","65-74 years","65-74",168,201470,83.4
,"Other bacterial diseases","A30-A49","2022","2022","Female","F","More than one race","M","75-84 years","75-84",122,95133,128.2
,"Other bacterial diseases","A30-A49","2022","2022","Female","F","More than one race","M","85+ years","85+",94,37955,247.7
,"Other bacterial diseases","A30-A49","2022","2022","Male","M","American Indian or Alaska Native","1002-5","25-34 years","25-34",48,340720,14.1
,"Other bacterial diseases","A30-A49","2022","2022","Male","M","American Indian or Alaska Native","1002-5","35-44 years","35-44",112,308282,36.3
,"Other bacterial diseases","A30-A49","2022","2022","Male","M","American Indian or Alaska Native","1002-5","45-54 years","45-54",156,258550,60.3
,"Other bacterial diseases","A30-A49","2022","2022","Male","M","American Indian or Alaska Native","1002-5","55-64 years","55-64",233,224433,103.8
,"Other bacterial diseases","A30-A49","2022","2022","Male","M","American Indian or Alaska Native","1002-5","65-74 years","65-74",240,141015,170.2
,"Other bacterial diseases","A30-A49","2022","2022","Male","M","American Indian or Alaska Native","1002-5","75-84 years","75-84",180,58147,309.6
,"Other bacterial diseases","A30-A49","2022","2022","Male","M","American Indian or Alaska Native","1002-5","85+ years","85+",80,15909,502.9
,"Other bacterial diseases","A30-A49","2022","2022","Male","M","Asian","A","25-34 years","25-34",40,1638567,2.4
,"Other bacterial diseases","A30-A49","2022","2022","Male","M","Asian","A","35-44 years","35-44",102,1630740,6.3
,"Other bacterial diseases","A30-A49","2022","2022","Male","M","Asian","A","45-54 years","45-54",233,1383230,16.8
,"Other bacterial diseases","A30-A49","2022","2022","Male","M","Asian","A","55-64 years","55-64",535,1071189,49.9
,"Other bacterial diseases","A30-A49","2022","2022","Male","M","Asian","A","65-74 years","65-74",1024,763351,134.1
,"Other bacterial diseases","A30-A49","2022","2022","Male","M","Asian","A","75-84 years","75-84",1160,365486,317.4
,"Other bacterial diseases","A30-A49","2022","2022","Male","M","Asian","A","85+ years","85+",1009,125459,804.2
,"Other bacterial diseases","A30-A49","2022","2022","Male","M","Black or African American","2054-5","25-34 years","25-34",379,3541054,10.7
,"Other bacterial diseases","A30-A49","2022","2022","Male","M","Black or African American","2054-5","35-44 years","35-44",769,2945414,26.1
,"Other bacterial diseases","A30-A49","2022","2022","Male","M","Black or African American","2054-5","45-54 years","45-54",1583,2550255,62.1
,"Other bacterial diseases","A30-A49","2022","2022","Male","M","Black or African American","2054-5","55-64 years","55-64",3831,2438499,157.1
,"Other bacterial diseases","A30-A49","2022","2022","Male","M","Black or African American","2054-5","65-74 years","65-74",5442,1565128,347.7
,"Other bacterial diseases","A30-A49","2022","2022","Male","M","Black or African American","2054-5","75-84 years","75-84",3974,597060,665.6
,"Other bacterial diseases","A30-A49","2022","2022","Male","M","Black or African American","2054-5","85+ years","85+",2193,156735,1399.2
,"Other bacterial diseases","A30-A49","2022","2022","Male","M","Native Hawaiian or Other Pacific Islander","NHOPI","35-44 years","35-44",22,71701,30.7
,"Other bacterial diseases","A30-A49","2022","2022","Male","M","Native Hawaiian or Other Pacific Islander","NHOPI","45-54 years","45-54",42,52763,79.6
,"Other bacterial diseases","A30-A49","2022","2022","Male","M","Native Hawaiian or Other Pacific Islander","NHOPI","55-64 years","55-64",53,42521,124.6
,"Other bacterial diseases","A30-A49","2022","2022","Male","M","Native Hawaiian or Other Pacific Islander","NHOPI","65-74 years","65-74",52,25910,200.7
,"Other bacterial diseases","A30-A49","2022","2022","Male","M","Native Hawaiian or Other Pacific Islander","NHOPI","75-84 years","75-84",41,10740,381.8
,"Other bacterial diseases","A30-A49","2022","2022","Male","M","Native Hawaiian or Other Pacific Islander","NHOPI","85+ years","85+",15,3083,Unreliable
,"Other bacterial diseases","A30-A49","2022","2022","Male","M","White","2106-3","25-34 years","25-34",1110,16862366,6.6
,"Other bacterial diseases","A30-A49","2022","2022","Male","M","White","2106-3","35-44 years","35-44",2597,16677220,15.6
,"Other bacterial diseases","A30-A49","2022","2022","Male","M","White","2106-3","45-54 years","45-54",6032,15689751,38.4
,"Other bacterial diseases","A30-A49","2022","2022","Male","M","White","2106-3","55-64 years","55-64",15569,16624619,93.7
,"Other bacterial diseases","A30-A49","2022","2022","Male","M","White","2106-3","65-74 years","65-74",26277,13240100,198.5
,"Other bacterial diseases","A30-A49","2022","2022","Male","M","White","2106-3","75-84 years","75-84",28636,6628034,432.0
,"Other bacterial diseases","A30-A49","2022","2022","Male","M","White","2106-3","85+ years","85+",19548,1959884,997.4
,"Other bacterial diseases","A30-A49","2022","2022","Male","M","More than one race","M","25-34 years","25-34",27,736128,3.7
,"Other bacterial diseases","A30-A49","2022","2022","Male","M","More than one race","M","35-44 years","35-44",42,486832,8.6
,"Other bacterial diseases","A30-A49","2022","2022","Male","M","More than one race","M","45-54 years","45-54",74,345081,21.4
,"Other bacterial diseases","A30-A49","2022","2022","Male","M","More than one race","M","55-64 years","55-64",145,270642,53.6
,"Other bacterial diseases","A30-A49","2022","2022","Male","M","More than one race","M","65-74 years","65-74",160,175168,91.3
,"Other bacterial diseases","A30-A49","2022","2022","Male","M","More than one race","M","75-84 years","75-84",119,75378,157.9
,"Other bacterial diseases","A30-A49","2022","2022","Male","M","More than one race","M","85+ years","85+",75,22757,329.6
,"Other bacterial diseases","A30-A49","2023","2023","Female","F","American Indian or Alaska Native","1002-5","25-34 years","25-34",46,327988,14.0
,"Other bacterial diseases","A30-A49","2023","2023","Female","F","American Indian or Alaska Native","1002-5","35-44 years","35-44",82,290449,28.2
,"Other bacterial diseases","A30-A49","2023","2023","Female","F","American Indian or Alaska Native","1002-5","45-54 years","45-54",117,249303,46.9
,"Other bacterial diseases","A30-A49","2023","2023","Female","F","American Indian or Alaska Native","1002-5","55-64 years","55-64",210,232793,90.2
,"Other bacterial diseases","A30-A49","2023","2023","Female","F","American Indian or Alaska Native","1002-5","65-74 years","65-74",232,166481,139.4
,"Other bacterial diseases","A30-A49","2023","2023","Female","F","American Indian or Alaska Native","1002-5","75-84 years","75-84",211,76057,277.4
,"Other bacterial diseases","A30-A49","2023","2023","Female","F","American Indian or Alaska Native","1002-5","85+ years","85+",146,26789,545.0
,"Other bacterial diseases","A30-A49","2023","2023","Female","F","Asian","A","25-34 years","25-34",32,1691704,1.9
,"Other bacterial diseases","A30-A49","2023","2023","Female","F","Asian","A","35-44 years","35-44",72,1822629,4.0
,"Other bacterial diseases","A30-A49","2023","2023","Female","F","Asian","A","45-54 years","45-54",146,1578860,9.2
,"Other bacterial diseases","A30-A49","2023","2023","Female","F","Asian","A","55-64 years","55-64",355,1266796,28.0
,"Other bacterial diseases","A30-A49","2023","2023","Female","F","Asian","A","65-74 years","65-74",707,1001103,70.6
,"Other bacterial diseases","A30-A49","2023","2023","Female","F","Asian","A","75-84 years","75-84",948,506740,187.1
,"Other bacterial diseases","A30-A49","2023","2023","Female","F","Asian","A","85+ years","85+",1173,208271,563.2
,"Other bacterial diseases","A30-A49","2023","2023","Female","F","Black or African American","2054-5","25-34 years","25-34",279,3545558,7.9
,"Other bacterial diseases","A30-A49","2023","2023","Female","F","Black or African American","2054-5","35-44 years","35-44",648,3218047,20.1
,"Other bacterial diseases","A30-A49","2023","2023","Female","F","Black or African American","2054-5","45-54 years","45-54",1367,2861316,47.8
,"Other bacterial diseases","A30-A49","2023","2023","Female","F","Black or African American","2054-5","55-64 years","55-64",3039,2821718,107.7
,"Other bacterial diseases","A30-A49","2023","2023","Female","F","Black or African American","2054-5","65-74 years","65-74",4522,2127575,212.5
,"Other bacterial diseases","A30-A49","2023","2023","Female","F","Black or African American","2054-5","75-84 years","75-84",4072,987042,412.5
,"Other bacterial diseases","A30-A49","2023","2023","Female","F","Black or African American","2054-5","85+ years","85+",2942,353611,832.0
,"Other bacterial diseases","A30-A49","2023","2023","Female","F","Native Hawaiian or Other Pacific Islander","NHOPI","35-44 years","35-44",11,66784,Unreliable
,"Other bacterial diseases","A30-A49","2023","2023","Female","F","Native Hawaiian or Other Pacific Islander","NHOPI","45-54 years","45-54",24,51650,46.5
,"Other bacterial diseases","A30-A49","2023","2023","Female","F","Native Hawaiian or Other Pacific Islander","NHOPI","55-64 years","55-64",50,44410,112.6
,"Other bacterial diseases","A30-A49","2023","2023","Female","F","Native Hawaiian or Other Pacific Islander","NHOPI","65-74 years","65-74",58,29935,193.8
,"Other bacterial diseases","A30-A49","2023","2023","Female","F","Native Hawaiian or Other Pacific Islander","NHOPI","75-84 years","75-84",43,13627,315.6
,"Other bacterial diseases","A30-A49","2023","2023","Female","F","Native Hawaiian or Other Pacific Islander","NHOPI","85+ years","85+",23,4820,477.2
,"Other bacterial diseases","A30-A49","2023","2023","Female","F","White","2106-3","25-34 years","25-34",719,16085608,4.5
,"Other bacterial diseases","A30-A49","2023","2023","Female","F","White","2106-3","35-44 years","35-44",1801,16087150,11.2
,"Other bacterial diseases","A30-A49","2023","2023","Female","F","White","2106-3","45-54 years","45-54",4235,15174900,27.9
,"Other bacterial diseases","A30-A49","2023","2023","Female","F","White","2106-3","55-64 years","55-64",11148,16680834,66.8
,"Other bacterial diseases","A30-A49","2023","2023","Female","F","White","2106-3","65-74 years","65-74",20427,14815045,137.9
,"Other bacterial diseases","A30-A49","2023","2023","Female","F","White","2106-3","75-84 years","75-84",25796,8521384,302.7
,"Other bacterial diseases","A30-A49","2023","2023","Female","F","White","2106-3","85+ years","85+",23338,3279678,711.6
,"Other bacterial diseases","A30-A49","2023","2023","Female","F","More than one race","M","25-34 years","25-34",16,766359,Unreliable
,"Other bacterial diseases","A30-A49","2023","2023","Female","F","More than one race","M","35-44 years","35-44",42,543398,7.7
,"Other bacterial diseases","A30-A49","2023","2023","Female","F","More than one race","M","45-54 years","45-54",59,390643,15.1
,"Other bacterial diseases","A30-A49","2023","2023","Female","F","More than one race","M","55-64 years","55-64",124,304015,40.8
,"Other bacterial diseases","A30-A49","2023","2023","Female","F","More than one race","M","65-74 years","65-74",161,210065,76.6
,"Other bacterial diseases","A30-A49","2023","2023","Female","F","More than one race","M","75-84 years","75-84",146,100748,144.9
,"Other bacterial diseases","A30-A49","2023","2023","Female","F","More than one race","M","85+ years","85+",84,37850,221.9
,"Other bacterial diseases","A30-A49","2023","2023","Male","M","American Indian or Alaska Native","1002-5","25-34 years","25-34",31,344559,9.0
,"Other bacterial diseases","A30-A49","2023","2023","Male","M","American Indian or Alaska Native","1002-5","35-44 years","35-44",73,316157,23.1
,"Other bacterial diseases","A30-A49","2023","2023","Male","M","American Indian or Alaska Native","1002-5","45-54 years","45-54",126,260929,48.3
,"Other bacterial diseases","A30-A49","2023","2023","Male","M","American Indian or Alaska Native","1002-5","55-64 years","55-64",202,227106,88.9
,"Other bacterial diseases","A30-A49","2023","2023","Male","M","American Indian or Alaska Native","1002-5","65-74 years","65-74",227,148498,152.9
,"Other bacterial diseases","A30-A49","2023","2023","Male","M","American Indian or Alaska Native","1002-5","75-84 years","75-84",190,63233,300.5
,"Other bacterial diseases","A30-A49","2023","2023","Male","M","American Indian or Alaska Native","1002-5","85+ years","85+",78,17175,454.1
,"Other bacterial diseases","A30-A49","2023","2023","Male","M","Asian","A","25-34 years","25-34",42,1633375,2.6
,"Other bacterial diseases","A30-A49","2023","2023","Male","M","Asian","A","35-44 years","35-44",110,1680517,6.5
,"Other bacterial diseases","A30-A49","2023","2023","Male","M","Asian","A","45-54 years","45-54",208,1404570,14.8
,"Other bacterial diseases","A30-A49","2023","2023","Male","M","Asian","A","55-64 years","55-64",471,1098008,42.9
,"Other bacterial diseases","A30-A49","2023","2023","Male","M","Asian","A","65-74 years","65-74",910,797839,114.1
,"Other bacterial diseases","A30-A49","2023","2023","Male","M","Asian","A","75-84 years","75-84",1197,392100,305.3
,"Other bacterial diseases","A30-A49","2023","2023","Male","M","Asian","A","85+ years","85+",1030,131730,781.9
,"Other bacterial diseases","A30-A49","2023","2023","Male","M","Black or African American","2054-5","25-34 years","25-34",335,3528216,9.5
,"Other bacterial diseases","A30-A49","2023","2023","Male","M","Black or African American","2054-5","35-44 years","35-44",632,3004099,21.0
,"Other bacterial diseases","A30-A49","2023","2023","Male","M","Black or African American","2054-5","45-54 years","45-54",1423,2547736,55.9
,"Other bacterial diseases","A30-A49","2023","2023","Male","M","Black or African American","2054-5","55-64 years","55-64",3327,2437159,136.5
,"Other bacterial diseases","A30-A49","2023","2023","Male","M","Black or African American","2054-5","65-74 years","65-74",4988,1639704,304.2
,"Other bacterial diseases","A30-A49","2023","2023","Male","M","Black or African American","2054-5","75-84 years","75-84",3726,640372,581.8
,"Other bacterial diseases","A30-A49","2023","2023","Male","M","Black or African American","2054-5","85+ years","85+",1889,161992,1166.1
,"Other bacterial diseases","A30-A49","2023","2023","Male","M","Native Hawaiian or Other Pacific Islander","NHOPI","35-44 years","35-44",16,73698,Unreliable
,"Other bacterial diseases","A30-A49","2023","2023","Male","M","Native Hawaiian or Other Pacific Islander","NHOPI","45-54 years","45-54",34,54215,62.7
,"Other bacterial diseases","A30-A49","2023","2023","Male","M","Native Hawaiian or Other Pacific Islander","NHOPI","55-64 years","55-64",41,43625,94.0
,"Other bacterial diseases","A30-A49","2023","2023","Male","M","Native Hawaiian or Other Pacific Islander","NHOPI","65-74 years","65-74",48,27438,174.9
,"Other bacterial diseases","A30-A49","2023","2023","Male","M","Native Hawaiian or Other Pacific Islander","NHOPI","75-84 years","75-84",46,11680,393.8
,"Other bacterial diseases","A30-A49","2023","2023","Male","M","Native Hawaiian or Other Pacific Islander","NHOPI","85+ years","85+",11,3280,Unreliable
,"Other bacterial diseases","A30-A49","2023","2023","Male","M","White","2106-3","25-34 years","25-34",969,16719619,5.8
,"Other bacterial diseases","A30-A49","2023","2023","Male","M","White","2106-3","35-44 years","35-44",2357,16784128,14.0
,"Other bacterial diseases","A30-A49","2023","2023","Male","M","White","2106-3","45-54 years","45-54",5054,15565729,32.5
,"Other bacterial diseases","A30-A49","2023","2023","Male","M","White","2106-3","55-64 years","55-64",13488,16425655,82.1
,"Other bacterial diseases","A30-A49","2023","2023","Male","M","White","2106-3","65-74 years","65-74",23706,13538439,175.1
,"Other bacterial diseases","A30-A49","2023","2023","Male","M","White","2106-3","75-84 years","75-84",27534,6974938,394.8
,"Other bacterial diseases","A30-A49","2023","2023","Male","M","White","2106-3","85+ years","85+",19036,1945723,978.4
,"Other bacterial diseases","A30-A49","2023","2023","Male","M","More than one race","M","25-34 years","25-34",22,763974,2.9
,"Other bacterial diseases","A30-A49","2023","2023","Male","M","More than one race","M","35-44 years","35-44",34,503637,6.8
,"Other bacterial diseases","A30-A49","2023","2023","Male","M","More than one race","M","45-54 years","45-54",64,353930,18.1
,"Other bacterial diseases","A30-A49","2023","2023","Male","M","More than one race","M","55-64 years","55-64",133,272292,48.8
,"Other bacterial diseases","A30-A49","2023","2023","Male","M","More than one race","M","65-74 years","65-74",163,183162,89.0
,"Other bacterial diseases","A30-A49","2023","2023","Male","M","More than one race","M","75-84 years","75-84",129,80176,160.9
,"Other bacterial diseases","A30-A49","2023","2023","Male","M","More than one race","M","85+ years","85+",75,24061,311.7
,"Other bacterial diseases","A30-A49","2024 (provisional)","2024","Female","F","American Indian or Alaska Native","1002-5","25-34 years","25-34",29,327988,8.8
,"Other bacterial diseases","A30-A49","2024 (provisional)","2024","Female","F","American Indian or Alaska Native","1002-5","35-44 years","35-44",74,290449,25.5
,"Other bacterial diseases","A30-A49","2024 (provisional)","2024","Female","F","American Indian or Alaska Native","1002-5","45-54 years","45-54",112,249303,44.9
,"Other bacterial diseases","A30-A49","2024 (provisional)","2024","Female","F","American Indian or Alaska Native","1002-5","55-64 years","55-64",190,232793,81.6
,"Other bacterial diseases","A30-A49","2024 (provisional)","2024","Female","F","American Indian or Alaska Native","1002-5","65-74 years","65-74",279,166481,167.6
,"Other bacterial diseases","A30-A49","2024 (provisional)","2024","Female","F","American Indian or Alaska Native","1002-5","75-84 years","75-84",219,76057,287.9
,"Other bacterial diseases","A30-A49","2024 (provisional)","2024","Female","F","American Indian or Alaska Native","1002-5","85+ years","85+",119,26789,444.2
,"Other bacterial diseases","A30-A49","2024 (provisional)","2024","Female","F","Asian","A","25-34 years","25-34",36,1691704,2.1
,"Other bacterial diseases","A30-A49","2024 (provisional)","2024","Female","F","Asian","A","35-44 years","35-44",84,1822629,4.6
,"Other bacterial diseases","A30-A49","2024 (provisional)","2024","Female","F","Asian","A","45-54 years","45-54",163,1578860,10.3
,"Other bacterial diseases","A30-A49","2024 (provisional)","2024","Female","F","Asian","A","55-64 years","55-64",324,1266796,25.6
,"Other bacterial diseases","A30-A49","2024 (provisional)","2024","Female","F","Asian","A","65-74 years","65-74",668,1001103,66.7
,"Other bacterial diseases","A30-A49","2024 (provisional)","2024","Female","F","Asian","A","75-84 years","75-84",977,506740,192.8
,"Other bacterial diseases","A30-A49","2024 (provisional)","2024","Female","F","Asian","A","85+ years","85+",1097,208271,526.7
,"Other bacterial diseases","A30-A49","2024 (provisional)","2024","Female","F","Black or African American","2054-5","25-34 years","25-34",227,3545558,6.4
,"Other bacterial diseases","A30-A49","2024 (provisional)","2024","Female","F","Black or African American","2054-5","35-44 years","35-44",602,3218047,18.7
,"Other bacterial diseases","A30-A49","2024 (provisional)","2024","Female","F","Black or African American","2054-5","45-54 years","45-54",1314,2861316,45.9
,"Other bacterial diseases","A30-A49","2024 (provisional)","2024","Female","F","Black or African American","2054-5","55-64 years","55-64",2965,2821718,105.1
,"Other bacterial diseases","A30-A49","2024 (provisional)","2024","Female","F","Black or African American","2054-5","65-74 years","65-74",4776,2127575,224.5
,"Other bacterial diseases","A30-A49","2024 (provisional)","2024","Female","F","Black or African American","2054-5","75-84 years","75-84",4359,987042,441.6
,"Other bacterial diseases","A30-A49","2024 (provisional)","2024","Female","F","Black or African American","2054-5","85+ years","85+",3094,353611,875.0
,"Other bacterial diseases","A30-A49","2024 (provisional)","2024","Female","F","Native Hawaiian or Other Pacific Islander","NHOPI","35-44 years","35-44",13,66784,Unreliable
,"Other bacterial diseases","A30-A49","2024 (provisional)","2024","Female","F","Native Hawaiian or Other Pacific Islander","NHOPI","45-54 years","45-54",38,51650,73.6
,"Other bacterial diseases","A30-A49","2024 (provisional)","2024","Female","F","Native Hawaiian or Other Pacific Islander","NHOPI","55-64 years","55-64",56,44410,126.1
,"Other bacterial diseases","A30-A49","2024 (provisional)","2024","Female","F","Native Hawaiian or Other Pacific Islander","NHOPI","65-74 years","65-74",57,29935,190.4
,"Other bacterial diseases","A30-A49","2024 (provisional)","2024","Female","F","Native Hawaiian or Other Pacific Islander","NHOPI","75-84 years","75-84",41,13627,300.9
,"Other bacterial diseases","A30-A49","2024 (provisional)","2024","Female","F","Native Hawaiian or Other Pacific Islander","NHOPI","85+ years","85+",16,4820,Unreliable
,"Other bacterial diseases","A30-A49","2024 (provisional)","2024","Female","F","White","2106-3","25-34 years","25-34",612,16085608,3.8
,"Other bacterial diseases","A30-A49","2024 (provisional)","2024","Female","F","White","2106-3","35-44 years","35-44",1755,16087150,10.9
,"Other bacterial diseases","A30-A49","2024 (provisional)","2024","Female","F","White","2106-3","45-54 years","45-54",4103,15174900,27.0
,"Other bacterial diseases","A30-A49","2024 (provisional)","2024","Female","F","White","2106-3","55-64 years","55-64",10628,16680834,63.7
,"Other bacterial diseases","A30-A49","2024 (provisional)","2024","Female","F","White","2106-3","65-74 years","65-74",19992,14815045,134.9
,"Other bacterial diseases","A30-A49","2024 (provisional)","2024","Female","F","White","2106-3","75-84 years","75-84",25765,8521384,302.4
,"Other bacterial diseases","A30-A49","2024 (provisional)","2024","Female","F","White","2106-3","85+ years","85+",22798,3279678,695.1
,"Other bacterial diseases","A30-A49","2024 (provisional)","2024","Female","F","More than one race","M","25-34 years","25-34",21,766359,2.7
,"Other bacterial diseases","A30-A49","2024 (provisional)","2024","Female","F","More than one race","M","35-44 years","35-44",39,543398,7.2
,"Other bacterial diseases","A30-A49","2024 (provisional)","2024","Female","F","More than one race","M","45-54 years","45-54",67,390643,17.2
,"Other bacterial diseases","A30-A49","2024 (provisional)","2024","Female","F","More than one race","M","55-64 years","55-64",106,304015,34.9
,"Other bacterial diseases","A30-A49","2024 (provisional)","2024","Female","F","More than one race","M","65-74 years","65-74",142,210065,67.6
,"Other bacterial diseases","A30-A49","2024 (provisional)","2024","Female","F","More than one race","M","75-84 years","75-84",149,100748,147.9
,"Other bacterial diseases","A30-A49","2024 (provisional)","2024","Female","F","More than one race","M","85+ years","85+",108,37850,285.3
,"Other bacterial diseases","A30-A49","2024 (provisional)","2024","Male","M","American Indian or Alaska Native","1002-5","25-34 years","25-34",43,344559,12.5
,"Other bacterial diseases","A30-A49","2024 (provisional)","2024","Male","M","American Indian or Alaska Native","1002-5","35-44 years","35-44",95,316157,30.0
,"Other bacterial diseases","A30-A49","2024 (provisional)","2024","Male","M","American Indian or Alaska Native","1002-5","45-54 years","45-54",122,260929,46.8
,"Other bacterial diseases","A30-A49","2024 (provisional)","2024","Male","M","American Indian or Alaska Native","1002-5","55-64 years","55-64",196,227106,86.3
,"Other bacterial diseases","A30-A49","2024 (provisional)","2024","Male","M","American Indian or Alaska Native","1002-5","65-74 years","65-74",243,148498,163.6
,"Other bacterial diseases","A30-A49","2024 (provisional)","2024","Male","M","American Indian or Alaska Native","1002-5","75-84 years","75-84",205,63233,324.2
,"Other bacterial diseases","A30-A49","2024 (provisional)","2024","Male","M","American Indian or Alaska Native","1002-5","85+ years","85+",82,17175,477.4
,"Other bacterial diseases","A30-A49","2024 (provisional)","2024","Male","M","Asian","A","25-34 years","25-34",36,1633375,2.2
,"Other bacterial diseases","A30-A49","2024 (provisional)","2024","Male","M","Asian","A","35-44 years","35-44",74,1680517,4.4
,"Other bacterial diseases","A30-A49","2024 (provisional)","2024","Male","M","Asian","A","45-54 years","45-54",207,1404570,14.7
,"Other bacterial diseases","A30-A49","2024 (provisional)","2024","Male","M","Asian","A","55-64 years","55-64",491,1098008,44.7
,"Other bacterial diseases","A30-A49","2024 (provisional)","2024","Male","M","Asian","A","65-74 years","65-74",955,797839,119.7
,"Other bacterial diseases","A30-A49","2024 (provisional)","2024","Male","M","Asian","A","75-84 years","75-84",1211,392100,308.8
,"Other bacterial diseases","A30-A49","2024 (provisional)","2024","Male","M","Asian","A","85+ years","85+",1010,131730,766.7
,"Other bacterial diseases","A30-A49","2024 (provisional)","2024","Male","M","Black or African American","2054-5","25-34 years","25-34",278,3528216,7.9
,"Other bacterial diseases","A30-A49","2024 (provisional)","2024","Male","M","Black or African American","2054-5","35-44 years","35-44",657,3004099,21.9
,"Other bacterial diseases","A30-A49","2024 (provisional)","2024","Male","M","Black or African American","2054-5","45-54 years","45-54",1334,2547736,52.4
,"Other bacterial diseases","A30-A49","2024 (provisional)","2024","Male","M","Black or African American","2054-5","55-64 years","55-64",3131,2437159,128.5
,"Other bacterial diseases","A30-A49","2024 (provisional)","2024","Male","M","Black or African American","2054-5","65-74 years","65-74",5049,1639704,307.9
,"Other bacterial diseases","A30-A49","2024 (provisional)","2024","Male","M","Black or African American","2054-5","75-84 years","75-84",3839,640372,599.5
,"Other bacterial diseases","A30-A49","2024 (provisional)","2024","Male","M","Black or African American","2054-5","85+ years","85+",1960,161992,1209.9
,"Other bacterial diseases","A30-A49","2024 (provisional)","2024","Male","M","Native Hawaiian or Other Pacific Islander","NHOPI","35-44 years","35-44",18,73698,Unreliable
,"Other bacterial diseases","A30-A49","2024 (provisional)","2024","Male","M","Native Hawaiian or Other Pacific Islander","NHOPI","45-54 years","45-54",34,54215,62.7
,"Other bacterial diseases","A30-A49","2024 (provisional)","2024","Male","M","Native Hawaiian or Other Pacific Islander","NHOPI","55-64 years","55-64",52,43625,119.2
,"Other bacterial diseases","A30-A49","2024 (provisional)","2024","Male","M","Native Hawaiian or Other Pacific Islander","NHOPI","65-74 years","65-74",52,27438,189.5
,"Other bacterial diseases","A30-A49","2024 (provisional)","2024","Male","M","Native Hawaiian or Other Pacific Islander","NHOPI","75-84 years","75-84",38,11680,325.3
,"Other bacterial diseases","A30-A49","2024 (provisional)","2024","Male","M","Native Hawaiian or Other Pacific Islander","NHOPI","85+ years","85+",20,3280,609.8
,"Other bacterial diseases","A30-A49","2024 (provisional)","2024","Male","M","White","2106-3","25-34 years","25-34",919,16719619,5.5
,"Other bacterial diseases","A30-A49","2024 (provisional)","2024","Male","M","White","2106-3","35-44 years","35-44",2163,16784128,12.9
,"Other bacterial diseases","A30-A49","2024 (provisional)","2024","Male","M","White","2106-3","45-54 years","45-54",4701,15565729,30.2
,"Other bacterial diseases","A30-A49","2024 (provisional)","2024","Male","M","White","2106-3","55-64 years","55-64",12415,16425655,75.6
,"Other bacterial diseases","A30-A49","2024 (provisional)","2024","Male","M","White","2106-3","65-74 years","65-74",23001,13538439,169.9
,"Other bacterial diseases","A30-A49","2024 (provisional)","2024","Male","M","White","2106-3","75-84 years","75-84",27495,6974938,394.2
,"Other bacterial diseases","A30-A49","2024 (provisional)","2024","Male","M","White","2106-3","85+ years","85+",18762,1945723,964.3
,"Other bacterial diseases","A30-A49","2024 (provisional)","2024","Male","M","More than one race","M","25-34 years","25-34",20,763974,2.6
,"Other bacterial diseases","A30-A49","2024 (provisional)","2024","Male","M","More than one race","M","35-44 years","35-44",36,503637,7.1
,"Other bacterial diseases","A30-A49","2024 (provisional)","2024","Male","M","More than one race","M","45-54 years","45-54",57,353930,16.1
,"Other bacterial diseases","A30-A49","2024 (provisional)","2024","Male","M","More than one race","M","55-64 years","55-64",129,272292,47.4
,"Other bacterial diseases","A30-A49","2024 (provisional)","2024","Male","M","More than one race","M","65-74 years","65-74",172,183162,93.9
,"Other bacterial diseases","A30-A49","2024 (provisional)","2024","Male","M","More than one race","M","75-84 years","75-84",119,80176,148.4
,"Other bacterial diseases","A30-A49","2024 (provisional)","2024","Male","M","More than one race","M","85+ years","85+",71,24061,295.1
,"Other bacterial diseases","A30-A49","2025 (provisional and partial)","2025","Female","F","American Indian or Alaska Native","1002-5","25-34 years","25-34",38,327988,11.6
,"Other bacterial diseases","A30-A49","2025 (provisional and partial)","2025","Female","F","American Indian or Alaska Native","1002-5","35-44 years","35-44",53,290449,18.2
,"Other bacterial diseases","A30-A49","2025 (provisional and partial)","2025","Female","F","American Indian or Alaska Native","1002-5","45-54 years","45-54",85,249303,34.1
,"Other bacterial diseases","A30-A49","2025 (provisional and partial)","2025","Female","F","American Indian or Alaska Native","1002-5","55-64 years","55-64",184,232793,79.0
,"Other bacterial diseases","A30-A49","2025 (provisional and partial)","2025","Female","F","American Indian or Alaska Native","1002-5","65-74 years","65-74",236,166481,141.8
,"Other bacterial diseases","A30-A49","2025 (provisional and partial)","2025","Female","F","American Indian or Alaska Native","1002-5","75-84 years","75-84",218,76057,286.6
,"Other bacterial diseases","A30-A49","2025 (provisional and partial)","2025","Female","F","American Indian or Alaska Native","1002-5","85+ years","85+",113,26789,421.8
,"Other bacterial diseases","A30-A49","2025 (provisional and partial)","2025","Female","F","Asian","A","25-34 years","25-34",22,1691704,1.3
,"Other bacterial diseases","A30-A49","2025 (provisional and partial)","2025","Female","F","Asian","A","35-44 years","35-44",72,1822629,4.0
,"Other bacterial diseases","A30-A49","2025 (provisional and partial)","2025","Female","F","Asian","A","45-54 years","45-54",163,1578860,10.3
,"Other bacterial diseases","A30-A49","2025 (provisional and partial)","2025","Female","F","Asian","A","55-64 years","55-64",280,1266796,22.1
,"Other bacterial diseases","A30-A49","2025 (provisional and partial)","2025","Female","F","Asian","A","65-74 years","65-74",646,1001103,64.5
,"Other bacterial diseases","A30-A49","2025 (provisional and partial)","2025","Female","F","Asian","A","75-84 years","75-84",928,506740,183.1
,"Other bacterial diseases","A30-A49","2025 (provisional and partial)","2025","Female","F","Asian","A","85+ years","85+",1111,208271,533.4
,"Other bacterial diseases","A30-A49","2025 (provisional and partial)","2025","Female","F","Black or African American","2054-5","25-34 years","25-34",172,3545558,4.9
,"Other bacterial diseases","A30-A49","2025 (provisional and partial)","2025","Female","F","Black or African American","2054-5","35-44 years","35-44",567,3218047,17.6
,"Other bacterial diseases","A30-A49","2025 (provisional and partial)","2025","Female","F","Black or African American","2054-5","45-54 years","45-54",1115,2861316,39.0
,"Other bacterial diseases","A30-A49","2025 (provisional and partial)","2025","Female","F","Black or African American","2054-5","55-64 years","55-64",2424,2821718,85.9
,"Other bacterial diseases","A30-A49","2025 (provisional and partial)","2025","Female","F","Black or African American","2054-5","65-74 years","65-74",4268,2127575,200.6
,"Other bacterial diseases","A30-A49","2025 (provisional and partial)","2025","Female","F","Black or African American","2054-5","75-84 years","75-84",3843,987042,389.3
,"Other bacterial diseases","A30-A49","2025 (provisional and partial)","2025","Female","F","Black or African American","2054-5","85+ years","85+",2779,353611,785.9
,"Other bacterial diseases","A30-A49","2025 (provisional and partial)","2025","Female","F","Native Hawaiian or Other Pacific Islander","NHOPI","35-44 years","35-44",14,66784,Unreliable
,"Other bacterial diseases","A30-A49","2025 (provisional and partial)","2025","Female","F","Native Hawaiian or Other Pacific Islander","NHOPI","45-54 years","45-54",28,51650,54.2
,"Other bacterial diseases","A30-A49","2025 (provisional and partial)","2025","Female","F","Native Hawaiian or Other Pacific Islander","NHOPI","55-64 years","55-64",34,44410,76.6
,"Other bacterial diseases","A30-A49","2025 (provisional and partial)","2025","Female","F","Native Hawaiian or Other Pacific Islander","NHOPI","65-74 years","65-74",52,29935,173.7
,"Other bacterial diseases","A30-A49","2025 (provisional and partial)","2025","Female","F","Native Hawaiian or Other Pacific Islander","NHOPI","75-84 years","75-84",46,13627,337.6
,"Other bacterial diseases","A30-A49","2025 (provisional and partial)","2025","Female","F","Native Hawaiian or Other Pacific Islander","NHOPI","85+ years","85+",22,4820,456.4
,"Other bacterial diseases","A30-A49","2025 (provisional and partial)","2025","Female","F","White","2106-3","25-34 years","25-34",527,16085608,3.3
,"Other bacterial diseases","A30-A49","2025 (provisional and partial)","2025","Female","F","White","2106-3","35-44 years","35-44",1580,16087150,9.8
,"Other bacterial diseases","A30-A49","2025 (provisional and partial)","2025","Female","F","White","2106-3","45-54 years","45-54",3553,15174900,23.4
,"Other bacterial diseases","A30-A49","2025 (provisional and partial)","2025","Female","F","White","2106-3","55-64 years","55-64",9270,16680834,55.6
,"Other bacterial diseases","A30-A49","2025 (provisional and partial)","2025","Female","F","White","2106-3","65-74 years","65-74",18094,14815045,122.1
,"Other bacterial diseases","A30-A49","2025 (provisional and partial)","2025","Female","F","White","2106-3","75-84 years","75-84",23859,8521384,280.0
,"Other bacterial diseases","A30-A49","2025 (provisional and partial)","2025","Female","F","White","2106-3","85+ years","85+",20091,3279678,612.6
,"Other bacterial diseases","A30-A49","2025 (provisional and partial)","2025","Female","F","More than one race","M","25-34 years","25-34",21,766359,2.7
,"Other bacterial diseases","A30-A49","2025 (provisional and partial)","2025","Female","F","More than one race","M","35-44 years","35-44",40,543398,7.4
,"Other bacterial diseases","A30-A49","2025 (provisional and partial)","2025","Female","F","More than one race","M","45-54 years","45-54",61,390643,15.6
,"Other bacterial diseases","A30-A49","2025 (provisional and partial)","2025","Female","F","More than one race","M","55-64 years","55-64",104,304015,34.2
,"Other bacterial diseases","A30-A49","2025 (provisional and partial)","2025","Female","F","More than one race","M","65-74 years","65-74",140,210065,66.6
,"Other bacterial diseases","A30-A49","2025 (provisional and partial)","2025","Female","F","More than one race","M","75-84 years","75-84",108,100748,107.2
,"Other bacterial diseases","A30-A49","2025 (provisional and partial)","2025","Female","F","More than one race","M","85+ years","85+",87,37850,229.9
,"Other bacterial diseases","A30-A49","2025 (provisional and partial)","2025","Male","M","American Indian or Alaska Native","1002-5","25-34 years","25-34",22,344559,6.4
,"Other bacterial diseases","A30-A49","2025 (provisional and partial)","2025","Male","M","American Indian or Alaska Native","1002-5","35-44 years","35-44",60,316157,19.0
,"Other bacterial diseases","A30-A49","2025 (provisional and partial)","2025","Male","M","American Indian or Alaska Native","1002-5","45-54 years","45-54",113,260929,43.3
,"Other bacterial diseases","A30-A49","2025 (provisional and partial)","2025","Male","M","American Indian or Alaska Native","1002-5","55-64 years","55-64",167,227106,73.5
,"Other bacterial diseases","A30-A49","2025 (provisional and partial)","2025","Male","M","American Indian or Alaska Native","1002-5","65-74 years","65-74",177,148498,119.2
,"Other bacterial diseases","A30-A49","2025 (provisional and partial)","2025","Male","M","American Indian or Alaska Native","1002-5","75-84 years","75-84",163,63233,257.8
,"Other bacterial diseases","A30-A49","2025 (provisional and partial)","2025","Male","M","American Indian or Alaska Native","1002-5","85+ years","85+",63,17175,366.8
,"Other bacterial diseases","A30-A49","2025 (provisional and partial)","2025","Male","M","Asian","A","25-34 years","25-34",42,1633375,2.6
,"Other bacterial diseases","A30-A49","2025 (provisional and partial)","2025","Male","M","Asian","A","35-44 years","35-44",85,1680517,5.1
,"Other bacterial diseases","A30-A49","2025 (provisional and partial)","2025","Male","M","Asian","A","45-54 years","45-54",189,1404570,13.5
,"Other bacterial diseases","A30-A49","2025 (provisional and partial)","2025","Male","M","Asian","A","55-64 years","55-64",395,1098008,36.0
,"Other bacterial diseases","A30-A49","2025 (provisional and partial)","2025","Male","M","Asian","A","65-74 years","65-74",827,797839,103.7
,"Other bacterial diseases","A30-A49","2025 (provisional and partial)","2025","Male","M","Asian","A","75-84 years","75-84",1114,392100,284.1
,"Other bacterial diseases","A30-A49","2025 (provisional and partial)","2025","Male","M","Asian","A","85+ years","85+",971,131730,737.1
,"Other bacterial diseases","A30-A49","2025 (provisional and partial)","2025","Male","M","Black or African American","2054-5","25-34 years","25-34",247,3528216,7.0
,"Other bacterial diseases","A30-A49","2025 (provisional and partial)","2025","Male","M","Black or African American","2054-5","35-44 years","35-44",556,3004099,18.5
,"Other bacterial diseases","A30-A49","2025 (provisional and partial)","2025","Male","M","Black or African American","2054-5","45-54 years","45-54",1178,2547736,46.2
,"Other bacterial diseases","A30-A49","2025 (provisional and partial)","2025","Male","M","Black or African American","2054-5","55-64 years","55-64",2723,2437159,111.7
,"Other bacterial diseases","A30-A49","2025 (provisional and partial)","2025","Male","M","Black or African American","2054-5","65-74 years","65-74",4547,1639704,277.3
,"Other bacterial diseases","A30-A49","2025 (provisional and partial)","2025","Male","M","Black or African American","2054-5","75-84 years","75-84",3572,640372,557.8
,"Other bacterial diseases","A30-A49","2025 (provisional and partial)","2025","Male","M","Black or African American","2054-5","85+ years","85+",1872,161992,1155.6
,"Other bacterial diseases","A30-A49","2025 (provisional and partial)","2025","Male","M","Native Hawaiian or Other Pacific Islander","NHOPI","35-44 years","35-44",21,73698,28.5
,"Other bacterial diseases","A30-A49","2025 (provisional and partial)","2025","Male","M","Native Hawaiian or Other Pacific Islander","NHOPI","45-54 years","45-54",26,54215,48.0
,"Other bacterial diseases","A30-A49","2025 (provisional and partial)","2025","Male","M","Native Hawaiian or Other Pacific Islander","NHOPI","55-64 years","55-64",36,43625,82.5
,"Other bacterial diseases","A30-A49","2025 (provisional and partial)","2025","Male","M","Native Hawaiian or Other Pacific Islander","NHOPI","65-74 years","65-74",61,27438,222.3
,"Other bacterial diseases","A30-A49","2025 (provisional and partial)","2025","Male","M","Native Hawaiian or Other Pacific Islander","NHOPI","75-84 years","75-84",38,11680,325.3
,"Other bacterial diseases","A30-A49","2025 (provisional and partial)","2025","Male","M","Native Hawaiian or Other Pacific Islander","NHOPI","85+ years","85+",14,3280,Unreliable
,"Other bacterial diseases","A30-A49","2025 (provisional and partial)","2025","Male","M","White","2106-3","25-34 years","25-34",689,16719619,4.1
,"Other bacterial diseases","A30-A49","2025 (provisional and partial)","2025","Male","M","White","2106-3","35-44 years","35-44",1907,16784128,11.4
,"Other bacterial diseases","A30-A49","2025 (provisional and partial)","2025","Male","M","White","2106-3","45-54 years","45-54",4202,15565729,27.0
,"Other bacterial diseases","A30-A49","2025 (provisional and partial)","2025","Male","M","White","2106-3","55-64 years","55-64",11046,16425655,67.2
,"Other bacterial diseases","A30-A49","2025 (provisional and partial)","2025","Male","M","White","2106-3","65-74 years","65-74",20942,13538439,154.7
,"Other bacterial diseases","A30-A49","2025 (provisional and partial)","2025","Male","M","White","2106-3","75-84 years","75-84",25647,6974938,367.7
,"Other bacterial diseases","A30-A49","2025 (provisional and partial)","2025","Male","M","White","2106-3","85+ years","85+",17053,1945723,876.4
,"Other bacterial diseases","A30-A49","2025 (provisional and partial)","2025","Male","M","More than one race","M","25-34 years","25-34",30,763974,3.9
,"Other bacterial diseases","A30-A49","2025 (provisional and partial)","2025","Male","M","More than one race","M","35-44 years","35-44",30,503637,6.0
,"Other bacterial diseases","A30-A49","2025 (provisional and partial)","2025","Male","M","More than one race","M","45-54 years","45-54",47,353930,13.3
,"Other bacterial diseases","A30-A49","2025 (provisional and partial)","2025","Male","M","More than one race","M","55-64 years","55-64",96,272292,35.3
,"Other bacterial diseases","A30-A49","2025 (provisional and partial)","2025","Male","M","More than one race","M","65-74 years","65-74",144,183162,78.6
,"Other bacterial diseases","A30-A49","2025 (provisional and partial)","2025","Male","M","More than one race","M","75-84 years","75-84",125,80176,155.9
,"Other bacterial diseases","A30-A49","2025 (provisional and partial)","2025","Male","M","More than one race","M","85+ years","85+",55,24061,228.6
"---"
"Dataset: Provisional Mortality Statistics, 2018 through Last Week"
"Query Parameters:"
"MCD - ICD-10 Codes: A40.0 (Septicaemia due to streptococcus, group A); A40.1 (Septicaemia due to streptococcus, group B); A40.2"
"(Septicaemia due to streptococcus, group D); A40.3 (Septicaemia due to Streptococcus pneumoniae); A40.8 (Other streptococcal"
"septicaemia); A40.9 (Streptococcal septicaemia, unspecified); A41.0 (Septicaemia due to Staphylococcus aureus); A41.1"
"(Septicaemia due to other specified staphylococcus); A41.2 (Septicaemia due to unspecified staphylococcus); A41.3 (Septicaemia"
"due to Haemophilus influenzae); A41.4 (Septicaemia due to anaerobes); A41.5 (Septicaemia due to other Gram-negative organisms);"
"A41.8 (Other specified septicaemia); A41.9 (Septicaemia, unspecified)"
"Ten-Year Age Groups: 25-34 years; 35-44 years; 45-54 years; 55-64 years; 65-74 years; 75-84 years; 85+ years"
"Group By: MCD - ICD Sub-Chapter; Year; Sex; Single Race 6; Ten-Year Age Groups"
"Show Totals: Disabled"
"Show Zero Values: False"
"Show Suppressed: False"
"Calculate Rates Per: 100,000"
"Rate Options: Default intercensal populations for years 2001-2009 (except Infant Age Groups)"
"---"
"Help: See http://wonder.cdc.gov/wonder/help/mcd-provisional.html for more information."
"---"
"Query Date: Jan 14, 2026 1:48:45 AM"
"---"
"Suggested Citation: Centers for Disease Control and Prevention, National Center for Health Statistics. National Vital Statistics"
"System, Provisional Mortality on CDC WONDER Online Database. Data are from the final Multiple Cause of Death Files, 2018-2023,"
"and from provisional data for years 2024 and later, as compiled from data provided by the 57 vital statistics jurisdictions"
"through the Vital Statistics Cooperative Program. Accessed at http://wonder.cdc.gov/mcd-icd10-provisional.html on Jan 14, 2026"
"1:48:45 AM"
"---"
Messages:
"1. Totals are not available for these results due to suppression constraints. More Information:"
"http://wonder.cdc.gov/wonder/help/faq.html#Privacy."
"2. Rows with zero Deaths are hidden. Use Quick Options above to show zero rows."
"3. Rows with suppressed Deaths are hidden. Use Quick Options above to show suppressed rows."
"---"
Footnotes:
"1. Totals and sub-totals show the frequency of the selected causes of death, which may be greater than the number of deaths."
"Note that any single death record may have up to 20 causes. More information."
"---"
Caveats:
"1. These items in the results table are not fully selected: Other bacterial diseases. The Query Description lists the actual"
"values selected."
"2. Data are Suppressed when the data meet the criteria for confidentiality constraints. More information:"
"http://wonder.cdc.gov/wonder/help/mcd-provisional.html#Assurance of Confidentiality."
"3. Death rates are flagged as Unreliable when the rate is calculated with a numerator of 20 or less. More information:"
"http://wonder.cdc.gov/wonder/help/mcd-provisional.html#Unreliable."
"4. Deaths of persons with Age ""Not Stated"" are included in ""All"" counts and rates, but are not distributed among age groups,"
"so are not included in age-specific counts, age-specific rates or in any age-adjusted rates. More information:"
"http://wonder.cdc.gov/wonder/help/mcd-provisional.html#Not Stated."
"5. The population figures for years 2023 and later are single-race estimates of the July 1 resident population, from the Vintage"
"2023 postcensal series released by the Census Bureau on June 27, 2024. The population figures for years 2022 and later are"
"single-race estimates of the July 1 resident population, from the Vintage 2022 postcensal series released by the Census Bureau"
"on June 22, 2023. The 2022 and 2023 series is based on the Modified Blended Base produced by the US Census Bureau in lieu of the"
"April 1, 2020 decennial population count. The Modified Blended Base consists of the blend of Vintage 2020 postcensal population"
"estimates for April 1, 2020, 2020 Demographic Analysis Estimates, and 2020 Census data from the internal Census Edited File"
"(CEF). The population figures for years 2021 are single-race estimates of the July 1 resident population, based on the Blended"
"Base produced by the US Census Bureau in lieu of the April 1, 2020 decennial population count, from the Vintage 2021 postcensal"
"series released by the Census Bureau on June 30, 2022. The population figures for year 2020 are single-race estimates of the"
"July 1 resident population, from the Vintage 2020 postcensal series based on April 2010 Census, released by the Census Bureau on"
"July 27, 2021. The population figures for year 2019 are single-race estimates of the July 1 resident population, from the"
"Vintage 2019 postcensal series based on April 2010 Census, released by the Census Bureau on June 25, 2020. The population"
"figures for year 2018 are single-race estimates of the July 1 resident population, from the Vintage 2018 postcensal series based"
"on April 2010 Census, released by the Census Bureau on June 20, 2019. More information:"
"http://wonder.cdc.gov/wonder/help/mcd-provisional.html#Population Data."
"6. Beginning with the 2018 data, changes have been implemented that affect the counts for ICD-10 cause of death codes O00-O99"
"compared to previous practice. In addition, data for the cause of death codes O00-O99 for 2003 through 2017 reflect differences"
"in information available to individual states and probable errors. Deaths with the underlying cause classified with O00-O99 are"
"subject to further processing before these deaths records are considered final. Provisional deaths have not undergone full"
"processing and review and therefore should not be considered final for statistical purposes. Caution should be used in"
"interpreting these data. More information can be found at: https://www.cdc.gov/nchs/maternal-mortality/."
"7. On March 11, 2021, the 2019 mortality data on CDC WONDER was updated with the 2019 mortality data updated by NCHS on March 4,"
"2021 to include corrected information for residents of Texas affecting 5 records previously coded to cause code *U01.4,"
"Terrorism involving firearms (homicide). The underlying and multiple cause of death codes for 5 records were corrected in the"
"2019 data. Underlying and multiple cause of death codes for those 5 records were recoded to Assault (homicide) by other and"
"unspecified firearm discharge, ICD-10 code X95. The corrected final death records replaces the data released on December 22,"
"2020."
"8. Connecticut population estimates for 2022 and later years are reported for 9 planning regions as county equivalent areas,"
"instead of the former 8 legacy counties in the Vintage 2022 postcensal series released by the Census Bureau on June 22, 2023,"
"and in the Vintage 2023 postcensal series released by the Census Bureau on June 27, 2024. Populations estimates for the former"
"counties are not available for 2022 and later years. More information:"
"http://wonder.cdc.gov/wonder/help/mcd-provisional.html#Connecticut-2022."
"9. After the creation of the final 2023 dataset, North Carolina updated the cause of death information for over 900 death"
"certificates to include a cause of death code indicating drug overdose (ICD-10 underlying cause-of-death codes: X40-X44,"
"X60-X64, X85, and Y10-Y14). Jurisdictions can continue to update death certificates after the closing of the mortality file. As"
"a result, users should consider that the actual death count for drug overdose deaths for North Carolina in 2023 is over 4,400"
"deaths, with a crude rate of approximately 41.0 per 100,000 population, and an age-adjusted rate of approximately 42.1 per"
"100,000 population. These deaths will not be updated on the final mortality datasets."
"10. Changes to cause of death classification affect reporting trends. More information:"
"http://wonder.cdc.gov/wonder/help/mcd-provisional.html#ICD-10 Changes."
"11. Deaths related to external causes of injury or sudden death: In the provisional mortality data, causes of death classified"
"as external causes of injury (ICD-10 codes V01-Y89), sudden deaths (ICD-10 codes R95 and R96), or drug poisoning (ICD-10 codes"
"T36-T50), have the cause of death labeled as 'Data not shown due to 6 month lag to account for delays in death certificate"
"completion for certain causes of death.' For these deaths occurring 24 weeks prior to the final date in the provisional data,"
"the number of deaths and related statistics are not available by specific cause of death for ICD-10 codes V01-Y89, R95, R96, or"
"T36-T50. More information: http://wonder.cdc.gov/wonder/help/mcd-provisional.html#999."
"12. Deaths occurring through December 6, 2025 as of December 14, 2025."